品番,商品名_JA,入数,抽出元,抽出メモ,カタログ参照
0745-00,塩ビワッシャ 1.2×2.3×0.4,25ヶ,PDF抽出メモ,25ヶ,"PDF p.127,235"
0745-00T,塩ビワッシャ 1.2×2.3×0.4(150本入),150本,商品名_JA,150本入,
0748-07,セルピタ ロック(10ペア),10ペア,商品名_JA,(10ペア),PDF p.155
0756-01,シリコンモダン(ブラック)10本入り,10本,商品名_JA,10本入,
0756-16,シリコンモダン(ブラウン)10本入り,10本,商品名_JA,10本入,
0756-27,シリコンモダン(透明)10本入り,10本,商品名_JA,10本入,
0786-03,シュリンクチューブ,1m×3本,PDF抽出メモ,1m×3本,PDF p.153
0786-05,シュリンクチューブ,1m×3本,PDF抽出メモ,1m×3本,PDF p.153
0786-08,シュリンクチューブ,1m×3本,PDF抽出メモ,1m×3本,PDF p.153
0786-10,シュリンクチューブ,1m×3本,PDF抽出メモ,1m×3本,PDF p.153
0819-00,(-)バネ丁番ネジW1.4×3.0,10本,PDF抽出メモ,10本,PDF p.133
0819-00A,(-)バネ丁番ネジW(100本入),100本,商品名_JA,100本入,
0819-01,(-)バネ丁番ネジW1.4×3.5,10本,PDF抽出メモ,10本,PDF p.133
0819-01A,(-)バネ丁番ネジW(100本入),100本,商品名_JA,100本入,
0819-02,(-)バネ丁番ネジW1.4×4.5,10本,PDF抽出メモ,10本,PDF p.133
0819-02A,(-)バネ丁番ネジW(100本入),100本,商品名_JA,100本入,
0819-10,(-)バネ丁番ネジG1.4×3.0,10本,PDF抽出メモ,10本,PDF p.133
0819-10A,(-)バネ丁番ネジG(100本入),100本,商品名_JA,100本入,
0819-11,(-)バネ丁番ネジG1.4×3.5,10本,PDF抽出メモ,10本,PDF p.133
0819-11A,(-)バネ丁番ネジG(100本入),100本,商品名_JA,100本入,
0819-12,(-)バネ丁番ネジG1.4×4.5,10本,PDF抽出メモ,10本,PDF p.133
0819-12A,(-)バネ丁番ネジG(100本入),100本,商品名_JA,100本入,
0822-01,花型ナットW1.2×2.25×1.0,18ヶ,PDF抽出メモ,18ヶ,PDF p.126
0822-01A,花型ナットW(100個入),100個,商品名_JA,100個入,
0822-02,花型ナットG1.2×2.25×1.0,16ヶ,PDF抽出メモ,16ヶ,PDF p.126
0822-02A,花型ナットG(100個入),100個,商品名_JA,100個入,
0822-03,花型ナットGUN1.2×2.25×1.0,14ヶ,PDF抽出メモ,14ヶ,PDF p.126
0822-03A,花型ナットGUN(100個入),100個,商品名_JA,100個入,
0831-00,ツーポイントネジW 1.2×10,15本,PDF抽出メモ,15本,PDF p.126
0831-00A,(-)ツーポイントネジW(100本入),100本,商品名_JA,100本入,
0831-10,ツーポイントネジG 1.2×10,14本,PDF抽出メモ,14本,PDF p.126
0831-10A,(-)ツーポイントネジG(100本入),100本,商品名_JA,100本入,
0831-20,ツーポイントネジGUN 1.2×10,13本,PDF抽出メモ,13本,PDF p.126
0831-20A,(-)ツーポイントネジGUN(100本入),100本,商品名_JA,100本入,
0839-00,六角底付ナットW1.2×2.25×2.0,10ヶ,PDF抽出メモ,10ヶ,PDF p.126
0839-00A,六角底付ナットW(100個入),100個,商品名_JA,100個入,
0839-10,六角底付ナットG1.2×2.25×2.0,8ヶ,PDF抽出メモ,8ヶ,PDF p.126
0839-10A,六角底付ナットG(100個入),100個,商品名_JA,100個入,
0839-20,六角底付ナットGUN1.2×2.25×2.0,8ヶ,PDF抽出メモ,8ヶ,PDF p.126
0839-20A,六角底付ナットGUN(100個入),100個,商品名_JA,100個入,
0841-01,(-)ツーポイントネジW 1.2×10,10本,PDF抽出メモ,10本,PDF p.126
0841-01A,(-)ツーポイントネジW (100本入),100本,商品名_JA,100本入,
0841-11,(-)ツーポイントネジG 1.2×10,10本,PDF抽出メモ,10本,PDF p.126
0841-11A,(-)ツーポイントネジG (100本入),100本,商品名_JA,100本入,
0843-00,(-)ツーポイントネジW1.2×13,10本,PDF抽出メモ,10本,PDF p.126
0843-00A,(-)ツーポイントネジW(100本入),100本,商品名_JA,100本入,
0844-00,花型段付ナットW1.2×2.25×4.0,10ヶ,PDF抽出メモ,10ヶ,PDF p.126
0844-00A,花型段付ナットW(100個入),100個,商品名_JA,100個入,
0844-10,花型段付ナットG1.2×2.25×4.0,10ヶ,PDF抽出メモ,10ヶ,PDF p.126
0844-10A,花型段付ナットG(100個入),100個,商品名_JA,100個入,
0845-00,花型段付ナットW1.4×2.25×4.0,10ヶ,PDF抽出メモ,10ヶ,PDF p.125
0845-00A,花型段付ナットW(100個入),100個,商品名_JA,100個入,
0845-10,花型段付ナットG1.4×2.25×4.0,10ヶ,PDF抽出メモ,10ヶ,PDF p.125
0845-10A,花型段付ナットG(100個入),100個,商品名_JA,100個入,
20-1,先プラスティック(1組中1ヶ分),1組,商品名_JA,1組,
26-1,No.26ヤットコ先プラスチック(1組中1ヶ分),1組,商品名_JA,1組,
36,ヤスリ,10本,PDF抽出メモ,10本入,"PDF p.241,248"
39,ヤスリセット(3本入),3本,商品名_JA,3本入,PDF p.241
43-23,花型ナットW 1.7×2.6×1.4,16ヶ,PDF抽出メモ,16ヶ,PDF p.125
44,眼鏡サシ(透明生地),2本,PDF抽出メモ,2本入,"PDF p.248,249"
50-P,スーパー超硬穴明ドリル(1.1mm),1本,PDF抽出メモ,1本,PDF p.282
50-S2,超硬穴明ドリル(1.0mm),1本,PDF抽出メモ,1本,PDF p.282
50-S3,超硬穴明ドリル(1.2mm),1本,PDF抽出メモ,1本,PDF p.282
50-S4,超硬穴明ドリル(1.4mm),1本,PDF抽出メモ,1本,PDF p.282
50-W6S5,溝削り砥石のみ お徳用5枚セット,5枚,商品名_JA,5枚,
50-Z,マンドレール 軸径 2.3mm,1本,PDF抽出メモ,1本,"PDF p.284,285"
58,+チェンジドライバーセット(2本入),2本,商品名_JA,2本入,"PDF p.231,248"
58S,(+)チェンジドライバーセット(3本入),3本,商品名_JA,3本入,PDF p.231
59,(-)チェンジドライバーセット(3本入),3本,商品名_JA,3本入,"PDF p.231,248"
67-31,±ネジW 1.2×3.5,30本,PDF抽出メモ,30本,"PDF p.110,111,248"
67-31A,±ネジW1.2×3.5(100本入),100本,商品名_JA,100本入,
67-31B,±ネジW1.2×3.5(300本入),300本,商品名_JA,300本入,
67-31C,±ネジW1.2×3.5(1000本入),1000本,商品名_JA,1000本入,
67-32A,±ネジW1.2×4.0(100本入),100本,商品名_JA,100本入,
67-32B,±ネジW1.2×4.0(300本入),300本,商品名_JA,300本入,
67-32C,±ネジW1.2×4.0(1000本入),1000本,商品名_JA,1000本入,
67-33A,±ネジW1.4×3.0(100本入),100本,商品名_JA,100本入,
67-33B,±ネジW1.4×3.0(300本入),300本,商品名_JA,300本入,
67-33C,±ネジW1.4×3.0(1000本入),1000本,商品名_JA,1000本入,
67-34,±ネジW 1.4×3.5,30本,PDF抽出メモ,30本,"PDF p.110,111"
67-34A,±ネジW1.4×3.5(100本入),100本,商品名_JA,100本入,
67-34B,±ネジW1.4×3.5(300本入),300本,商品名_JA,300本入,
67-34C,±ネジW1.4×3.5(1000本入),1000本,商品名_JA,1000本入,
67-35,±ネジW 1.4×4.0,30本,PDF抽出メモ,30本,"PDF p.110,111"
67-35A,±ネジW1.4×4.0(100本入),100本,商品名_JA,100本入,
67-35B,±ネジW1.4×4.0(300本入),300本,商品名_JA,300本入,
67-35C,±ネジW1.4×4.0(1000本入),1000本,商品名_JA,1000本入,
67-38,±ネジW 1.4×5.5,30本,PDF抽出メモ,30本,"PDF p.110,111"
67-39,±ネジW 1.4×6.0,30本,PDF抽出メモ,30本,"PDF p.110,111"
67-40,±ネジW 1.4×7.0,30本,PDF抽出メモ,30本,"PDF p.110,111"
67-42,±ネジW 1.7×3.0,30本,PDF抽出メモ,30本,"PDF p.110,111"
67-43,±ネジW 1.7×4.0,30本,PDF抽出メモ,30本,"PDF p.110,111"
67-45,±ネジW 1.7×6.0,30本,PDF抽出メモ,30本,"PDF p.110,111"
67-46,±ネジW 1.7×7.0,30本,PDF抽出メモ,30本,"PDF p.110,111"
67-47,±ネジW 1.7×8.0,30本,PDF抽出メモ,30本,"PDF p.110,111"
67-48,±ネジW 1.7×10.0,30本,PDF抽出メモ,30本,"PDF p.110,111"
67-49,±ネジW 1.0×3.5,30本,PDF抽出メモ,30本,"PDF p.110,111,248"
67-50,±ネジW 1.0×4.0,30本,PDF抽出メモ,30本,"PDF p.110,111"
67-50A,±ネジW1.0×4.0(100本入),100本,商品名_JA,100本入,
67-50B,±ネジW1.0×4.0(300本入),300本,商品名_JA,300本入,
67-50C,±ネジW1.0×4.0(1000本入),1000本,商品名_JA,1000本入,
67-72,±ネジW 1.4×2.5,30本,PDF抽出メモ,30本,"PDF p.110,111"
67-72A,±ネジW1.4×2.5(100本入),100本,商品名_JA,100本入,
67-72B,±ネジW1.4×2.5(300本入),300本,商品名_JA,300本入,
67-72C,±ネジW1.4×2.5(1000本入),1000本,商品名_JA,1000本入,
67-73,±ネジW 1.3×4.5,10本,PDF抽出メモ,10本,"PDF p.110,111,288"
67-74,±ネジW 1.5×5.0,10本,PDF抽出メモ,10本,"PDF p.110,111,288"
67-75,±ネジW 1.8×6.0,10本,PDF抽出メモ,10本,"PDF p.110,111,288"
67-76,±ネジW 1.4×2.7,30本,PDF抽出メモ,30本,"PDF p.110,111"
67-76A,±ネジW1.4×2.7(100本入),100本,商品名_JA,100本入,
67-76B,±ネジW1.4×2.7(300本入),300本,商品名_JA,300本入,
67-76C,±ネジW1.4×2.7(1000本入),1000本,商品名_JA,1000本入,
67-77A,±ネジW1.4×3.3(100本入),100本,商品名_JA,100本入,
67-77B,±ネジW1.4×3.3(300本入),300本,商品名_JA,300本入,
67-77C,±ネジW1.4×3.3(1000本入),1000本,商品名_JA,1000本入,
67-78,±ネジW 1.4×3.7,30本,PDF抽出メモ,30本,"PDF p.110,111"
67-79,±フロント止ネジW 1.4×2.5,30本,PDF抽出メモ,30本,"PDF p.110,111"
67-80,±フロント止ネジW 1.4×3.0,30本,PDF抽出メモ,30本,"PDF p.110,111"
67-81,±フロント止ネジW 1.4×4.0,30本,PDF抽出メモ,30本,"PDF p.110,111"
67-82,±ツーポイントネジW1.4×12.0,30本,PDF抽出メモ,30本,"PDF p.110,111,124,127"
67-82A,±ツーポイントネジW1.4×12.0(100本入),100本,商品名_JA,100本入,
67-82B,±ツーポイントネジW1.4×12.0(300本入),300本,商品名_JA,300本入,
68,部品セット G・W,3枚,PDF抽出メモ,3枚,PDF p.132
68-63,3枚丁番W 1.4×3.0×1.2,3枚,商品名_JA,3枚,PDF p.132
68-63-1,3枚丁番W 腕のみ,3枚,商品名_JA,3枚,
68-64,3枚丁番W 1.4×3.5×1.5,3枚,商品名_JA,3枚,PDF p.132
68-64-1,3枚丁番W 腕のみ,3枚,商品名_JA,3枚,
68-65,3枚丁番W 1.4×4.0×1.5,3枚,商品名_JA,3枚,PDF p.132
68-65-1,3枚丁番W 腕のみ,3枚,商品名_JA,3枚,
68-66,3枚丁番W 1.4×4.5×2.0,3枚,商品名_JA,3枚,PDF p.132
68-66-1,3枚丁番W 腕のみ,3枚,商品名_JA,3枚,
68-67,3枚丁番W 1.4×5.0×2.0,3枚,商品名_JA,3枚,PDF p.132
68-67-1,3枚丁番W 腕のみ,3枚,商品名_JA,3枚,
68-68,3枚丁番W 1.4×2.5×1.0,3枚,商品名_JA,3枚,PDF p.132
68-68-1,3枚丁番W 腕のみ,3枚,商品名_JA,3枚,
68-69,3枚丁番W 1.4×2.8×1.2,3枚,商品名_JA,3枚,PDF p.132
68-69-1,3枚丁番W 腕のみ,3枚,商品名_JA,3枚,
68-70,3枚丁番W 1.4×2.3×0.9,3枚,商品名_JA,3枚,PDF p.132
68-70-1,3枚丁番W 腕のみ,3枚,商品名_JA,3枚,
68-542,バネ丁番用フロントW1.4×3.0×1.3,12ヶ,PDF抽出メモ,12ヶ,"PDF p.132,133"
76-1,No.76ヤットコ先プラスチック(1組中1ヶ分),1組,商品名_JA,1組,
83-91,箱蝶小G 17×9,4組,PDF抽出メモ,4組,"PDF p.86,87,96,97,248"
83-91A,箱蝶小G 17×9 (100組入),100組,商品名_JA,100組入,
83-91B,箱蝶小G 17×9 (300組入),300組,商品名_JA,300組入,
83-91S,箱蝶小G 17×9 (50組入),50組,商品名_JA,50組入,
83-92,箱蝶小W 17×9,4組,PDF抽出メモ,4組,"PDF p.86,87,96,97,248"
83-92A,箱蝶小W17×9 (100組入),100組,商品名_JA,100組入,
83-92B,箱蝶小W17×9 (300組入),300組,商品名_JA,300組入,
83-92S,箱蝶小W17×9 (50組入),50組,商品名_JA,50組入,
83-93,箱蝶大G 19×9,4組,PDF抽出メモ,4組,"PDF p.86,87,96,97"
83-93A,箱蝶大G 19×9 (100組入),100組,商品名_JA,100組入,
83-93B,箱蝶大G 19×9 (300組入),300組,商品名_JA,300組入,
83-93S,箱蝶大G 19×9 (50組入),50組,商品名_JA,50組入,
83-94,箱蝶大W 19×9,4組,PDF抽出メモ,4組,"PDF p.86,87,96,97"
83-94A,箱蝶大W19×9 (100組入),100組,商品名_JA,100組入,
83-94B,箱蝶大W19×9 (300組入),300組,商品名_JA,300組入,
83-94S,箱蝶大W19×9 (50組入),50組,商品名_JA,50組入,
83-101,箱蝶シリコン小G 17×8,2組,PDF抽出メモ,2組,"PDF p.82,83,96,97"
83-101A,箱蝶シリコンパットG小(100組入),100組,商品名_JA,100組入,
83-101B,箱蝶シリコンパットG小(300組入),300組,商品名_JA,300組入,
83-101S,箱蝶シリコンパットG小(50組入),50組,商品名_JA,50組入,
83-102,箱蝶シリコン小W 17×8,2組,PDF抽出メモ,2組,"PDF p.82,83,96,97"
83-102A,箱蝶シリコンパットW小(100組入),100組,商品名_JA,100組入,
83-102B,箱蝶シリコンパットW小(300組入),300組,商品名_JA,300組入,
83-102S,箱蝶シリコン小W 17×8(50組入),50組,商品名_JA,50組入,
83-103,箱蝶G 19×9,3組,PDF抽出メモ,3組,"PDF p.86,87,96,97"
83-104,箱蝶W 19×9,3組,PDF抽出メモ,3組,"PDF p.86,87,96,97"
83-105,箱蝶亀甲色小G 17×8,2組,PDF抽出メモ,2組,"PDF p.86,87,96,97"
83-106,箱蝶亀甲色大G 18×8,2組,PDF抽出メモ,2組,"PDF p.86,87,96,97"
95-J,バフ布荒用150mm(2枚入り),2枚,商品名_JA,2枚入,PDF p.298
95-W,バフ布セル用150mm(2枚入り),2枚,商品名_JA,2枚入,PDF p.298
95-X,バフ布メタル用150mm(2枚入り),2枚,商品名_JA,2枚入,PDF p.298
113,ヤスリセット(8本入),8本,商品名_JA,8本入,PDF p.241
114,ヤスリセット(10本入),10本,商品名_JA,10本入,PDF p.241
122,ヤスリ,8本,PDF抽出メモ,8本入,PDF p.241
129-1,No.129ヤットコ先プラスチック(赤),2本,PDF抽出メモ,(2本),PDF p.215
137,(-)チェンジドライバーセット(3本入),3本,商品名_JA,3本入,PDF p.231
137-40,(-)チェンジドライバーセット(3本入),3本,商品名_JA,3本入,PDF p.231
138,(+)チェンジドライバーセット(2本入),2本,商品名_JA,2本入,PDF p.231
138S,(+)チェンジドライバーセット(3本入),3本,商品名_JA,3本入,PDF p.231
138-40,(+)チェンジドライバーセット(2本入),2本,商品名_JA,2本入,PDF p.231
138S-40,(+)チェンジドライバーセット(3本入),3本,商品名_JA,3本入,PDF p.231
139-123,(-)ネジW 1.4×2.5,36本,PDF抽出メモ,36本,PDF p.119
139-124,(-)ネジW 1.4×3.5,36本,PDF抽出メモ,36本,PDF p.119
139-126,(-)ネジW 1.4×5.0,36本,PDF抽出メモ,36本,PDF p.119
139-127,(-)ネジW 1.4×4.5,36本,PDF抽出メモ,36本,PDF p.119
139-130,(-)ネジW 1.2×4.0,36本,PDF抽出メモ,36本,PDF p.119
139-132,(-)ネジW 1.0×4.0,36本,PDF抽出メモ,36本,PDF p.119
139-133,(-)ネジW 1.4×3.0,36本,PDF抽出メモ,36本,PDF p.119
139-136,(-)ネジW 1.7×5.0,36本,PDF抽出メモ,36本,PDF p.119
139-137,(-)ネジW 1.4×4.5,36本,PDF抽出メモ,36本,PDF p.119
139-138,(-)ネジW 1.7×6.0,36本,PDF抽出メモ,36本,PDF p.119
139-139,(-)ネジW 1.4×4.0,36本,PDF抽出メモ,36本,PDF p.119
139-140,(-)ネジW 1.7×7.5,36本,PDF抽出メモ,36本,PDF p.119
141-141-2,溝セル(太),6本,PDF抽出メモ,6本,"PDF p.135,341"
141-141-4,溝セル(細),6本,PDF抽出メモ,6本,"PDF p.135,341"
141-150,鼻盛パット 19×8,2組,PDF抽出メモ,2組,"PDF p.102,103,306"
141-151,鼻盛パット 22×9,2組,PDF抽出メモ,2組,"PDF p.102,103,306"
141-156,鼻盛パット 19×8,2組,PDF抽出メモ,2組,"PDF p.102,103,306"
141-157,鼻盛パット 22×9,2組,PDF抽出メモ,2組,"PDF p.102,103,306"
141-163,ナイロンワッシャ2.8×0.5×1.45,33ヶ,PDF抽出メモ,33ヶ,"PDF p.127,235"
141-163A,ナイロンワッシャ(100個入),100個,商品名_JA,100個入,
141-163B,ナイロンワッシャ(300個入),300個,商品名_JA,300個入,
141-163C,ナイロンワッシャ(1000個入),1000個,商品名_JA,1000個入,
141-165,ナイロン段付ワッシャ1.8×3.0×1.4,16ヶ,PDF抽出メモ,16ヶ,PDF p.127
141-165A,ナイロン段付ワッシャ(100個入),100個,商品名_JA,100個入,
141-165B,ナイロン段付ワッシャ(300個入),300個,商品名_JA,300個入,
141-165C,ナイロン段付ワッシャ(1000個入),1000個,商品名_JA,1000個入,
141-166,底付ナットG 1.4×2.6×2.0,14ヶ,PDF抽出メモ,14ヶ,PDF p.125
141-169,金属ワッシャG 2.5×0.5×1.45,16ヶ,PDF抽出メモ,16ヶ,PDF p.127
141-169A,金属ワッシャG(100個入),100個,商品名_JA,100個入,
141-169B,金属ワッシャG(300個入),300個,商品名_JA,300個入,
141-170A,金属ワッシャG(100個入),100個,商品名_JA,100個入,
141-170B,金属ワッシャG(300個入),300個,商品名_JA,300個入,
141-170C,金属ワッシャG(1000個入),1000個,商品名_JA,1000個入,
141-171,金属ワッシャG 3.5×0.5×1.5,16ヶ,PDF抽出メモ,16ヶ,PDF p.127
141-171A,金属ワッシャG 3.5×0.5×1.5(100個入),100個,商品名_JA,100個入,
141-171B,金属ワッシャG 3.5×0.5×1.5(300個入),300個,商品名_JA,300個入,
141-171C,金属ワッシャG 3.5×0.5×1.5(1000個入),1000個,商品名_JA,1000個入,
141-172,丁番段付座金W 3.0×0.45×1.78,20ヶ,PDF抽出メモ,20ヶ,PDF p.129
141-172A,丁番段付座金W(100個入),100個,商品名_JA,100個入,
141-172B,丁番段付座金W(300個入),300個,商品名_JA,300個入,
141-172C,丁番段付座金W(1000個入),1000個,商品名_JA,1000個入,
141-173,丁番段付座金W 3.0×0.5×1.78,20ヶ,PDF抽出メモ,20ヶ,PDF p.129
141-173A,丁番段付座金W(100個入),100個,商品名_JA,100個入,
141-173B,丁番段付座金W(300個入),300個,商品名_JA,300個入,
141-173C,丁番段付座金W(1000個入),1000個,商品名_JA,1000個入,
141-174,六角底付ナットG 1.4×2.25×2.0,14ヶ,PDF抽出メモ,14ヶ,"PDF p.125,127"
141-174A,六角底付ナットG(100個入),100個,商品名_JA,100個入,
141-174B,六角底付ナットG(300個入),300個,商品名_JA,300個入,
141-174C,六角底付ナットG(1000個入),1000個,商品名_JA,1000個入,
141-179,箱蝶シリコンG極小U13×7,1組,PDF抽出メモ,1組,"PDF p.82,83"
141-180,箱蝶シリコンW極小U13×7,1組,PDF抽出メモ,1組,"PDF p.82,83"
141-185,六角ネジG洋白 1.4×10.0,8本,PDF抽出メモ,8本,PDF p.124
141-185A,六角ネジG洋白(100本入),100本,商品名_JA,100本入,
141-185B,六角ネジG洋白(300本入),300本,商品名_JA,300本入,
141-186,六角ネジW洋白 1.4×10.0,8本,PDF抽出メモ,8本,PDF p.124
141-186A,六角ネジW洋白(100本入),100本,商品名_JA,100本入,
141-186B,六角ネジW洋白(300本入),300本,商品名_JA,300本入,
141-187,六角底付ナットW 1.4×2.25×2.0,18ヶ,PDF抽出メモ,18ヶ,"PDF p.125,127"
141-187A,六角底付ナットW(100個入),100個,商品名_JA,100個入,
141-187B,六角底付ナットW(300個入),300個,商品名_JA,300個入,
141-187C,六角底付ナットW(1000個入),1000個,商品名_JA,1000個入,
141-188,金属ワッシャW 2.5×0.5×1.45,16ヶ,PDF抽出メモ,16ヶ,PDF p.127
141-188A,金属ワッシャW(100個入),100個,商品名_JA,100個入,
141-188B,金属ワッシャW(300個入),300個,商品名_JA,300個入,
141-189,金属ワッシャW 2.8×0.3×1.45,16ヶ,PDF抽出メモ,16ヶ,PDF p.127
141-189A,金属ワッシャW(100個入),100個,商品名_JA,100個入,
141-189B,金属ワッシャW(300個入),300個,商品名_JA,300個入,
141-189C,金属ワッシャW(1000個入),1000個,商品名_JA,1000個入,
141-190A,ポリカワッシャ(100個入),100個,商品名_JA,100個入,
141-190B,ポリカワッシャ(300個入),300個,商品名_JA,300個入,
141-190C,ポリカワッシャ(1000個入),1000個,商品名_JA,1000個入,
141-191,ポリカ段付ワッシャ 1.8×3.0×2.3,33ヶ,PDF抽出メモ,33ヶ,PDF p.127
141-191A,ポリカ段付ワッシャ(100個入),100個,商品名_JA,100個入,
141-191B,ポリカ段付ワッシャ(300個入),300個,商品名_JA,300個入,
141-191C,ポリカ段付ワッシャ(1000個入),1000個,商品名_JA,1000個入,
141-194,±ツーポイントネジW座付1.4×10.0,20本,PDF抽出メモ,20本,"PDF p.110,111,124"
141-194A,±ツーポイントネジW座付(100本入),100本,商品名_JA,100本入,
141-194B,±ツーポイントネジW座付(300本入),300本,商品名_JA,300本入,
141-195,六角ナットG 1.4×2.25×1.0,20ヶ,PDF抽出メモ,20ヶ,"PDF p.125,127"
141-195A,六角ナットG(100個入),100個,商品名_JA,100個入,
141-195B,六角ナットG(300個入),300個,商品名_JA,300個入,
141-195C,六角ナットG(1000個入),1000個,商品名_JA,1000個入,
141-196,六角ナットW 1.4×2.25×1.0,24ヶ,PDF抽出メモ,24ヶ,"PDF p.125,127"
141-196A,六角ナットW(100個入),100個,商品名_JA,100個入,
141-196B,六角ナットW(300個入),300個,商品名_JA,300個入,
141-196C,六角ナットW(1000個入),1000個,商品名_JA,1000個入,
141-197,ナイロンキャップ 1.4×2.4×3.5,10ヶ,PDF抽出メモ,10ヶ,PDF p.125
141-197A,ナイロンキャップ(100個入),100個,商品名_JA,100個入,
141-197B,ナイロンキャップ(300個入),300個,商品名_JA,300個入,
141-197S,ナイロンキャップ(50個入),50個,商品名_JA,50個入,
141-198A,ポリカ段付ワッシャ(100個入),100個,商品名_JA,100個入,
141-198B,ポリカ段付ワッシャ(300個入),300個,商品名_JA,300個入,
141-198C,ポリカ段付ワッシャ(1000個入),1000個,商品名_JA,1000個入,
141-308,六角底付ナット(ナイロン) 1.4×2.5×2.0,22ヶ,PDF抽出メモ,22ヶ,PDF p.125
141-310,シリコンワンタッチ小 17×8,3組,PDF抽出メモ,3組,"PDF p.84,85,96,97"
141-310A,シリコンワンタッチ 小(100組入),100組,商品名_JA,100組入,
141-310B,シリコンワンタッチ 小(300組入),300組,商品名_JA,300組入,
141-310S,シリコンワンタッチ 小(50組入),50組,商品名_JA,50組入,
141-311,シリコンワンタッチ大 19×9,3組,PDF抽出メモ,3組,"PDF p.84,85"
141-311A,シリコンワンタッチ 大(100組入),100組,商品名_JA,100組入,
141-311B,シリコンワンタッチ 大(300組入),300組,商品名_JA,300組入,
141-311S,シリコンワンタッチ 大(50組入),50組,商品名_JA,50組入,
141-313,箱蝶シリコンG小16×9,1組,PDF抽出メモ,1組,"PDF p.82,83"
141-316,ナイロン段付ワッシャ1.8×3.0×2.3,16ヶ,PDF抽出メモ,16ヶ,PDF p.127
141-316A,ナイロン段付ワッシャ(100個入),100個,商品名_JA,100個入,
141-316B,ナイロン段付ワッシャ(300個入),300個,商品名_JA,300個入,
141-319,クッションハイロンパット小 14×8,1組,PDF抽出メモ,1組,"PDF p.88,89"
141-320,クッションハイロンパット大 17×8,1組,PDF抽出メモ,1組,"PDF p.88,89"
141-321,六角ネジGステンレス1.4×12.0,8本,PDF抽出メモ,8本,"PDF p.124,127"
141-321A,六角ネジGステンレス(100本入),100本,商品名_JA,100本入,
141-321B,六角ネジGステンレス(300本入),300本,商品名_JA,300本入,
141-322,六角ネジWステンレス1.4×12.0,8本,PDF抽出メモ,8本,"PDF p.124,127"
141-322A,六角ネジWステンレス(100本入),100本,商品名_JA,100本入,
141-322B,六角ネジWステンレス(300本入),300本,商品名_JA,300本入,
141-323,箱蝶極小G 14.5×7,5組,PDF抽出メモ,5組,"PDF p.86,87,96,97"
141-323A,箱蝶極小G14.5×7(100組入),100組,商品名_JA,100組入,
141-323B,箱蝶極小G14.5×7(300組入),300組,商品名_JA,300組入,
141-323S,箱蝶極小G14.5×7(50組入),50組,商品名_JA,50組入,
141-324,箱蝶極小W 14.5×7,5組,PDF抽出メモ,5組,"PDF p.86,87,96,97"
141-324A,箱蝶極小W14.5×7(100組入),100組,商品名_JA,100組入,
141-324B,箱蝶極小W14.5×7(300組入),300組,商品名_JA,300組入,
141-324S,箱蝶極小W14.5×7(50組入),50組,商品名_JA,50組入,
141-325,箱蝶極小U・G 14.5×7,4組,PDF抽出メモ,4組,"PDF p.86,87,96,97"
141-325A,箱蝶極小U・G14.5×7(100組入),100組,商品名_JA,100組入,
141-325B,箱蝶極小U・G14.5×7(300組入),300組,商品名_JA,300組入,
141-325S,箱蝶極小U・G14.5×7(50組入),50組,商品名_JA,50組入,
141-326,箱蝶極小U・W 14.5×7,4組,PDF抽出メモ,4組,"PDF p.86,87,96,97"
141-326A,箱蝶極小U・W14.5×7(100組入),100組,商品名_JA,100組入,
141-326B,箱蝶極小U・W14.5×7(300組入),300組,商品名_JA,300組入,
141-326S,箱蝶極小U・W14.5×7(50組入),50組,商品名_JA,50組入,
141-327,箱蝶シリコン丸 9丸,3組,PDF抽出メモ,3組,"PDF p.82,83,96,97"
141-328,シリコンワンタッチ丸9丸,3組,PDF抽出メモ,3組,"PDF p.84,85"
141-329,箱蝶シリコン極小 15×8,3組,PDF抽出メモ,3組,"PDF p.82,83,96,97"
141-330,箱蝶シリコン小 17×8,3組,PDF抽出メモ,3組,"PDF p.82,83,96,97"
141-331,箱蝶シリコン大 18×9,3組,PDF抽出メモ,3組,"PDF p.82,83"
141-332,花型底付ナットG 1.4×2.6×2.0,14ヶ,PDF抽出メモ,14ヶ,PDF p.125
141-332A,花型底付ナットG(100個入),100個,商品名_JA,100個入,
141-332B,花型底付ナットG(300個入),300個,商品名_JA,300個入,
141-333,花型底付ナットW 1.4×2.6×2.0,17ヶ,PDF抽出メモ,17ヶ,PDF p.125
141-333A,花形底付ナットW(100個入),100個,商品名_JA,100個入,
141-333B,花形底付ナットW(300個入),300個,商品名_JA,300個入,
141-334,ポリカワッシャ斜めカット 3.0×0.5~1.0×1.45,30ヶ,PDF抽出メモ,30ヶ,PDF p.127
141-335,箱蝶シリコンG極小U13×7,2組,PDF抽出メモ,2組,"PDF p.82,83,96,97"
141-335A,箱蝶シリコンG極小U(100組入),100組,商品名_JA,100組入,
141-335B,箱蝶シリコンG極小U(300組入),300組,商品名_JA,300組入,
141-335S,箱蝶シリコンG極小U(50組入),50組,商品名_JA,50組入,
141-336,箱蝶シリコンW極小U13×7,2組,PDF抽出メモ,2組,"PDF p.82,83,96,97"
141-336A,箱蝶シリコンW極小U(100組入),100組,商品名_JA,100組入,
141-336B,箱蝶シリコンW極小U(300組入),300組,商品名_JA,300組入,
141-336S,箱蝶シリコンW極小U(50組入),50組,商品名_JA,50組入,
141-352,箱蝶クッション極小 11.6×7,2組,PDF抽出メモ,2組,"PDF p.90,91"
141-353,箱蝶クッション小 14.6×8,2組,PDF抽出メモ,2組,"PDF p.90,91"
141-354,箱蝶クッション大 17×8,2組,PDF抽出メモ,2組,"PDF p.90,91"
141-355,ワンタッチクッション極小 11.6×7,2組,PDF抽出メモ,2組,"PDF p.94,95"
141-356,ワンタッチクッション小 14.6×8,2組,PDF抽出メモ,2組,"PDF p.94,95"
141-357,ワンタッチクッション大 17×8,2組,PDF抽出メモ,2組,"PDF p.94,95"
141-359,箱蝶ソフト薄型 11.5×8×1.2,5組,PDF抽出メモ,5組,"PDF p.90,91"
141-362,箱蝶薄型 10×8,7組,PDF抽出メモ,7組,"PDF p.90,91"
141-364,箱蝶薄型 14×9,7組,PDF抽出メモ,7組,"PDF p.90,91"
141-365,箱蝶極小U・G 10×6,3組,PDF抽出メモ,3組,"PDF p.86,87"
141-366,箱蝶極小U・W 10×6,3組,PDF抽出メモ,3組,"PDF p.86,87"
141-367,箱蝶極小G 14×7,3組,PDF抽出メモ,3組,"PDF p.86,87"
141-368,箱蝶極小W 14×7,3組,PDF抽出メモ,3組,"PDF p.86,87"
141-369,箱蝶シリコン極小G 14.5×7,2組,PDF抽出メモ,2組,"PDF p.82,83"
141-369A,箱蝶シリコンG極小14.5×7 (100組入),100組,商品名_JA,100組入,
141-369B,箱蝶シリコンG極小14.5×7 (300組入),300組,商品名_JA,300組入,
141-369S,箱蝶シリコンG極小14.5×7 (50組入),50組,商品名_JA,50組入,
141-370,箱蝶シリコン極小W 14.5×7,2組,PDF抽出メモ,2組,"PDF p.82,83"
141-370A,箱蝶シリコンW極小14.5×7 (100組入),100組,商品名_JA,100組入,
141-370B,箱蝶シリコンW極小14.5×7 (300組入),300組,商品名_JA,300組入,
141-370S,箱蝶シリコンW極小14.5×7 (50組入),50組,商品名_JA,50組入,
141-420,シリコンワンタッチ 極小 15.8×8,3組,PDF抽出メモ,3組,"PDF p.84,85,96,97"
141-420A,シリコンワンタッチ 極小(100組入),100組,商品名_JA,100組入,
141-420B,シリコンワンタッチ 極小(300組入),300組,商品名_JA,300組入,
141-420S,シリコンワンタッチ 極小(50組入),50組,商品名_JA,50組入,
141-421,シリコンワンタッチ 極小 13×7,3組,PDF抽出メモ,3組,"PDF p.84,85,96,97"
141-421A,シリコンワンタッチ 極小(100組入),100組,商品名_JA,100組入,
141-421B,シリコンワンタッチ 極小(300組入),300組,商品名_JA,300組入,
141-421S,シリコンワンタッチ 極小(50組入),50組,商品名_JA,50組入,
141-422,箱蝶シリコン 極小 13×7,3組,PDF抽出メモ,3組,"PDF p.82,83,96,97"
141-423,シリコンツインパット15×9,2ヶ,PDF抽出メモ,2ヶ,"PDF p.82,83"
141-425,鼻盛パット 15×7,2組,PDF抽出メモ,2組,"PDF p.102,103,306"
141-426,鼻盛パット 15×7,2組,PDF抽出メモ,2組,"PDF p.102,103,306"
141-427,鼻盛パット 19×7,2組,PDF抽出メモ,2組,"PDF p.104,105,307"
141-428,鼻盛パット 15×7,2組,PDF抽出メモ,2組,"PDF p.104,105,307"
141-474,シリコンツインパットG小 13×7,1ヶ,PDF抽出メモ,1ヶ,"PDF p.82,83,96,97"
141-475,シリコンツインパットW小 13×7,1ヶ,PDF抽出メモ,1ヶ,"PDF p.82,83,96,97"
141-480,箱蝶シリコンG極小U 14.5×7,2組,PDF抽出メモ,2組,"PDF p.82,83,96,97"
141-480A,箱蝶シリコンG極小U14.5×7(100組入),100組,商品名_JA,100組入,
141-480B,箱蝶シリコンG極小U14.5×7(300組入),300組,商品名_JA,300組入,
141-480S,箱蝶シリコンG極小U14.5×7(50組入),50組,商品名_JA,50組入,
141-481,箱蝶シリコンW極小U 14.5×7,2組,PDF抽出メモ,2組,"PDF p.82,83,96,97"
141-481A,箱蝶シリコンW極小U14.5×7(100組入),100組,商品名_JA,100組入,
141-481B,箱蝶シリコンW極小U14.5×7(300組入),300組,商品名_JA,300組入,
141-481S,箱蝶シリコンW極小U14.5×7(50組入),50組,商品名_JA,50組入,
141-488,"シリコン極小 13×7.5ネジ,ワンタッチ兼用",3組,PDF抽出メモ,3組,"PDF p.84,85"
141-489,"シリコン極小 15×8 ネジ,ワンタッチ兼用",3組,PDF抽出メモ,3組,"PDF p.84,85"
141-490,"シリコン小 17×9.5 ネジ,ワンタッチ兼用",3組,PDF抽出メモ,3組,"PDF p.84,85"
141-493,箱蝶コーンG 17.5×7.5,3組,PDF抽出メモ,3組,"PDF p.88,89"
141-494,箱蝶コーンW 17.5×7.5,3組,PDF抽出メモ,3組,"PDF p.88,89"
141-495,箱蝶チタンW 10.5×6,1組,PDF抽出メモ,1組,"PDF p.88,89"
141-499,箱蝶極小 14.5×7.5,4組,PDF抽出メモ,4組,"PDF p.86,87"
141-500,箱蝶 小 17×8.5,4組,PDF抽出メモ,4組,"PDF p.86,87"
141-501,箱蝶極小 13×7,4組,PDF抽出メモ,4組,"PDF p.86,87"
141-503,箱蝶エアシリコン極小14.5×7.5,1組,PDF抽出メモ,1組,"PDF p.82,83,96,97"
141-504,六角ネジGUN 1.4×12.0,8本,PDF抽出メモ,8本,PDF p.124
141-505,±ツーポイントネジGUN 1.4×12.0,20本,PDF抽出メモ,20本,PDF p.124
141-506,六角底付けナットGUN 1.4×2.25×2.0,14ヶ,PDF抽出メモ,14ヶ,PDF p.125
141-507,六角ナットGUN 1.4×2.25×1.0,28ヶ,PDF抽出メモ,28ヶ,PDF p.125
141-512,ラミナート専用ナイロンワッシャ 3.0x0.3x1.85(16本入),16本,商品名_JA,16本入,PDF p.127
141-513,ラミナートG薄型段付ナット 1.4×2.5×1.2(8本入),8本,商品名_JA,8本入,PDF p.127
141-514,ラミナートW薄型段付ナット 1.4×2.5×1.2(8本入),8本,商品名_JA,8本入,PDF p.127
141-515,パット止めワンタッチピン 1.2x4.0x1.8,16本,PDF抽出メモ,16本,PDF p.123
141-530,箱蝶エアシリコン 小17×8.5,1組,PDF抽出メモ,1組,"PDF p.82,83,96,97"
141-534,丁番段付座金W 2.8×0.5×1.6,20ヶ,PDF抽出メモ,20ヶ,PDF p.129
141-534A,丁番段付座金W2.8×0.5×1.6 100個入,100個,商品名_JA,100個入,
141-534B,丁番段付座金W2.8×0.5×1.6 300個入,300個,商品名_JA,300個入,
141-534C,丁番段付座金W(1000個入),1000個,商品名_JA,1000個入,
141-539,金属ワッシャG 1.2×2.3×0.5,16ヶ,PDF抽出メモ,16ヶ,PDF p.127
141-539A,金属ワッシャG(100個入),100個,商品名_JA,100個入,
141-539B,金属ワッシャG(300個入),300個,商品名_JA,300個入,
141-540,金属ワッシャW 1.2×2.3×0.5,25ヶ,PDF抽出メモ,25ヶ,PDF p.127
141-540A,金属ワッシャW(100個入),100個,商品名_JA,100個入,
141-540B,金属ワッシャW(300個入),300個,商品名_JA,300個入,
141-541A,丁番段付ワッシャ・ジュラコン 3.0×0.5×1.78 100個入,100個,商品名_JA,100個入,
141-541B,丁番段付ワッシャ・ジュラコン 3.0×0.5×1.78 300個入,300個,商品名_JA,300個入,
141-543,箱蝶コーン・チタン芯 14×7,1組,PDF抽出メモ,1組,"PDF p.88,89"
141-545,ワンタッチ極小 13×7,3組,PDF抽出メモ,3組,"PDF p.94,95,96,97"
141-546,ワンタッチ極小 14.5×7.5,3組,PDF抽出メモ,3組,"PDF p.94,95,96,97"
141-547,ワンタッチ小 17.5×8.5,3組,PDF抽出メモ,3組,"PDF p.94,95,96,97"
141-550,箱蝶形状記憶パットG小14.5×7.5,1組,PDF抽出メモ,1組,"PDF p.90,91"
141-551,箱蝶形状記憶パットW小14.5×7.5,1組,PDF抽出メモ,1組,"PDF p.90,91"
141-552,箱蝶形状記憶パットG中16×8.5,1組,PDF抽出メモ,1組,"PDF p.90,91"
141-553,箱蝶形状記憶パットW中16×8.5,1組,PDF抽出メモ,1組,"PDF p.90,91"
141-554,箱蝶形状記憶パットG大17.5×8.5,1組,PDF抽出メモ,1組,"PDF p.90,91"
141-555,箱蝶形状記憶パットW大17.5×8.5,1組,PDF抽出メモ,1組,"PDF p.90,91"
141-566,ジュラコン段付ワッシャ 1.9×3.0×1.5,16ヶ,PDF抽出メモ,16ヶ,PDF p.127
141-566A,ジュラコン段付ワッシャ1.9×3.0×1.5 100個入り,100個,商品名_JA,100個入,
141-566B,ジュラコン段付ワッシャ1.9×3.0×1.5 300個入り,300個,商品名_JA,300個入,
141-574,ナイロンナットG 1.4×2.24×1.5,12ヶ,PDF抽出メモ,12ヶ,"PDF p.125,127"
141-574A,ナイロンナットG 1.4×2.24×1.5 100個入,100個,商品名_JA,100個入,
141-574B,ナイロンナットG 1.4×2.24×1.5 300個入,300個,商品名_JA,300個入,
141-575,ナイロンナットW 1.4×2.24×1.5,14ヶ,PDF抽出メモ,14ヶ,"PDF p.125,127"
141-575A,ナイロンナットW 1.4×2.24×1.5 100個入,100個,商品名_JA,100個入,
141-575B,ナイロンナットW 1.4×2.24×1.5 300個入,300個,商品名_JA,300個入,
141-578,丁番リング,10ヶ,PDF抽出メモ,10ヶ,PDF p.131
141-578-2,丁番リング (大) 4.0×2.5,8ヶ,PDF抽出メモ,8ヶ,PDF p.131
141-578-3,丁番リング (中) 3.6×2.4,4ヶ,PDF抽出メモ,4ヶ,PDF p.131
141-578-4,丁番リング (小) 3.3×2.4,8ヶ,PDF抽出メモ,8ヶ,PDF p.131
141-580,箱蝶小G 16×8,4組,PDF抽出メモ,4組,"PDF p.86,87"
141-580A,箱蝶小G16×8(100組入),100組,商品名_JA,100組入,
141-580B,箱蝶小G16×8(300組入),300組,商品名_JA,300組入,
141-580S,箱蝶小G16×8(50組入),50組,商品名_JA,50組入,
141-581,箱蝶小W 16×8,4組,PDF抽出メモ,4組,"PDF p.86,87"
141-581A,箱蝶小W16×8(100組入),100組,商品名_JA,100組入,
141-581B,箱蝶小W16×8(300組入),300組,商品名_JA,300組入,
141-581S,箱蝶小W16×8(50組入),50組,商品名_JA,50組入,
141-582,箱蝶中G 17.5×9,4組,PDF抽出メモ,4組,"PDF p.86,87"
141-582A,箱蝶中G17.5×9(100組入),100組,商品名_JA,100組入,
141-582B,箱蝶中G17.5×9(300組入),300組,商品名_JA,300組入,
141-582S,箱蝶中G17.5×9(50組入),50組,商品名_JA,50組入,
141-583,箱蝶中W 17.5×9,4組,PDF抽出メモ,4組,"PDF p.86,87"
141-583A,箱蝶中W17.5×9(100組入),100組,商品名_JA,100組入,
141-583B,箱蝶中W17.5×9(300組入),300組,商品名_JA,300組入,
141-583S,箱蝶中W17.5×9(50組入),50組,商品名_JA,50組入,
141-584,箱蝶小G 16×8.6,3組,PDF抽出メモ,3組,"PDF p.86,87"
141-584A,箱蝶小G16×8.6(100組入),100組,商品名_JA,100組入,
141-584B,箱蝶小G16×8.6(300組入),300組,商品名_JA,300組入,
141-584S,箱蝶小G16×8.6(50組入),50組,商品名_JA,50組入,
141-585,箱蝶小W 16×8.6,3組,PDF抽出メモ,3組,"PDF p.86,87"
141-585A,箱蝶小W16×8.6(100組入),100組,商品名_JA,100組入,
141-585B,箱蝶小W16×8.6(300組入),300組,商品名_JA,300組入,
141-585S,箱蝶小W16×8.6(50組入),50組,商品名_JA,50組入,
141-586,箱蝶中G 17.5×8.8,3組,PDF抽出メモ,3組,"PDF p.86,87"
141-586A,箱蝶中G17.5×8.8(100組入),100組,商品名_JA,100組入,
141-586B,箱蝶中G17.5×8.8(300組入),300組,商品名_JA,300組入,
141-586S,箱蝶中G17.5×8.8(50組入),50組,商品名_JA,50組入,
141-587,箱蝶中W 17.5×8.8,3組,PDF抽出メモ,3組,"PDF p.86,87"
141-587A,箱蝶中W17.5×8.8(100組入),100組,商品名_JA,100組入,
141-587B,箱蝶中W17.5×8.8(300組入),300組,商品名_JA,300組入,
141-587S,箱蝶中W17.5×8.8(50組入),50組,商品名_JA,50組入,
141-588,箱蝶大G 18.5×9.3,3組,PDF抽出メモ,3組,"PDF p.86,87"
141-588A,箱蝶大G18.5×9.3(100組入),100組,商品名_JA,100組入,
141-588B,箱蝶大G18.5×9.3(300組入),300組,商品名_JA,300組入,
141-588S,箱蝶大G18.5×9.3(50組入),50組,商品名_JA,50組入,
141-589,箱蝶大W 18.5×9.3,3組,PDF抽出メモ,3組,"PDF p.86,87"
141-589A,箱蝶大W18.5×9.3(100組入),100組,商品名_JA,100組入,
141-589B,箱蝶大W18.5×9.3(300組入),300組,商品名_JA,300組入,
141-589S,箱蝶大W18.5×9.3(50組入),50組,商品名_JA,50組入,
141-590,2本ダキ足G 13.7×6.3,2本,商品名_JA,2本,"PDF p.94,95,96,97"
141-591,2本ダキ足W 13.7×6.3,2本,商品名_JA,2本,"PDF p.94,95,96,97"
141-593,ジュラコンワッシャ 3.0×0.5×1.45,33ヶ,PDF抽出メモ,33ヶ,PDF p.127
141-593A,ジュラコンワッシャ(100個入),100個,商品名_JA,100個入,
141-593B,ジュラコンワッシャ(300個入),300個,商品名_JA,300個入,
141-594,ポリカワッシャ 1.2×2.5×0.5,33ヶ,PDF抽出メモ,33ヶ,PDF p.127
141-595,ポリカ段付ワッシャ 1.5×2.5×1.4,16ヶ,PDF抽出メモ,16ヶ,PDF p.127
141-597,箱蝶シリコン極小 13×7.3,3組,PDF抽出メモ,3組,"PDF p.82,83,96,97"
141-598,箱蝶シリコン小 15×8,3組,PDF抽出メモ,3組,"PDF p.82,83"
141-598A,箱蝶シリコン小(100組入),100組,商品名_JA,100組入,
141-598B,箱蝶シリコン小(300組入),300組,商品名_JA,300組入,
141-598S,箱蝶シリコン小(50組入),50組,商品名_JA,50組入,
141-599,箱蝶シリコン小 17×8.5,3組,PDF抽出メモ,3組,"PDF p.82,83"
141-600,箱蝶シリコン大 19×9.5,3組,PDF抽出メモ,3組,"PDF p.82,83"
141-601,シリコンワンタッチ極小 13×7.3,3組,PDF抽出メモ,3組,"PDF p.84,85,96,97"
141-602,シリコンワンタッチ極小 15×8,3組,PDF抽出メモ,3組,"PDF p.84,85,96,97"
141-603,シリコンワンタッチ小 17×8.5,3組,PDF抽出メモ,3組,"PDF p.84,85"
141-604,シリコンワンタッチ大 19×9.5,3組,PDF抽出メモ,3組,"PDF p.84,85"
141-613,シリコンツインパット10×7 穴径1.2mm,1ヶ,PDF抽出メモ,1ヶ,"PDF p.82,83,96,97"
141-614,セル枠丁番ボード,3本,PDF抽出メモ,3本入,PDF p.131
141-615,ジュラコンワッシャ 2.8×0.5×1.45,33ヶ,PDF抽出メモ,33ヶ,PDF p.127
141-615A,ジュラコンワッシャ(100個入),100個,商品名_JA,100個入,
141-615B,ジュラコンワッシャ(300個入),300個,商品名_JA,300個入,
141-616,シリコンプッシュロック 9丸,3組,PDF抽出メモ,3組,"PDF p.84,85,96,97"
141-617,シリコンプッシュロック 極小13×7,3組,PDF抽出メモ,3組,"PDF p.84,85,96,97"
141-618,シリコンプッシュロック 極小15×8,3組,PDF抽出メモ,3組,"PDF p.84,85,96,97"
141-622A,丁番段付ワッシャ・ジュラコン(100個入),100個,商品名_JA,100個入,
141-622B,丁番段付ワッシャ・ジュラコン(300個入),300個,商品名_JA,300個入,
141-623,六角ツーポイントネジG 1.2×10.0×2.25,4本,PDF抽出メモ,4本,PDF p.126
141-624,六角ツーポイントネジW 1.2×10.0×2.25,4本,PDF抽出メモ,4本,PDF p.126
141-625,六角ナットG 1.2×2.25×1.0,14ヶ,PDF抽出メモ,14ヶ,PDF p.126
141-625A,六角ナットG(100個入),100個,商品名_JA,100個入,
141-626,六角ナットW 1.2×2.25×1.0,14ヶ,PDF抽出メモ,14ヶ,PDF p.126
141-626A,六角ナットW(100個入),100個,商品名_JA,100個入,
141-627,Wブッシュ0.8×1.5 (ロング),12本,PDF抽出メモ,12本,PDF p.124
141-628,Wブッシュ0.8×1.5(ショート),12本,PDF抽出メモ,12本,PDF p.124
141-632,金属ワッシャG 1.2×2.3×0.3,16ヶ,PDF抽出メモ,16ヶ,PDF p.127
141-632A,金属ワッシャG(100個入),100個,商品名_JA,100個入,
141-632B,金属ワッシャG(300個入),300個,商品名_JA,300個入,
141-632C,金属ワッシャG(1000個入),1000個,商品名_JA,1000個入,
141-633,金属ワッシャW 1.2×2.3×0.3,16ヶ,PDF抽出メモ,16ヶ,PDF p.127
141-633A,金属ワッシャW(100個入),100個,商品名_JA,100個入,
141-633B,金属ワッシャW(300個入),300個,商品名_JA,300個入,
141-633C,金属ワッシャW(1000個入),1000個,商品名_JA,1000個入,
141-637,箱蝶シリコン 極小 13×7(穴径1.2mm),3組,PDF抽出メモ,3組,"PDF p.82,83,96,97"
141-637A,箱蝶シリコン 極小(100組入),100組,商品名_JA,100組入,
141-637B,箱蝶シリコン 極小(300組入),300組,商品名_JA,300組入,
141-637S,箱蝶シリコン 極小(50組入),50組,商品名_JA,50組入,
141-638,箱蝶シリコン 極小 15×8(穴径1.2mm),3組,PDF抽出メモ,3組,"PDF p.82,83"
141-638A,箱蝶シリコン 極小(100組入),100組,商品名_JA,100組入,
141-638B,箱蝶シリコン 極小(300組入),300組,商品名_JA,300組入,
141-638S,箱蝶シリコン 極小(50組入),50組,商品名_JA,50組入,
141-639,箱蝶シリコン 小 17×8(穴径1.2mm),3組,PDF抽出メモ,3組,"PDF p.82,83"
141-639A,箱蝶シリコン 小(100組入),100組,商品名_JA,100組入,
141-639B,箱蝶シリコン 小(300組入),300組,商品名_JA,300組入,
141-639S,箱蝶シリコン 小(50組入),50組,商品名_JA,50組入,
141-640,箱蝶シリコン 大 19×9(穴径1.2mm),3組,PDF抽出メモ,3組,"PDF p.82,83"
141-640A,箱蝶シリコン 大(100組入),100組,商品名_JA,100組入,
141-640B,箱蝶シリコン 大(300組入),300組,商品名_JA,300組入,
141-640S,箱蝶シリコン 大(50組入),50組,商品名_JA,50組入,
141-646,花型ナットG 1.4×2.6×1.0,14ヶ,PDF抽出メモ,14ヶ,PDF p.125
141-647,花型ナットW 1.4×2.6×1.0,20ヶ,PDF抽出メモ,20ヶ,PDF p.125
141-648,金属ワッシャG 2.5×0.3×1.45,16ヶ,PDF抽出メモ,16ヶ,PDF p.127
141-648A,金属ワッシャG(100個入),100個,商品名_JA,100個入,
141-648B,金属ワッシャG(300個入),300個,商品名_JA,300個入,
141-648C,金属ワッシャG(1000個入),1000個,商品名_JA,1000個入,
141-649,金属ワッシャW 2.5×0.3×1.45,16ヶ,PDF抽出メモ,16ヶ,PDF p.127
141-649A,金属ワッシャW(100個入),100個,商品名_JA,100個入,
141-649B,金属ワッシャW(300個入),300個,商品名_JA,300個入,
141-649C,金属ワッシャW(1000個入),1000個,商品名_JA,1000個入,
141-650,力学パットサイエンスG 15×8,1組,PDF抽出メモ,1組,"PDF p.90,91"
141-651,力学パットサイエンスW 15×8,1組,PDF抽出メモ,1組,"PDF p.90,91"
141-653,箱蝶ソフトG 極小 14.5×7,4組,PDF抽出メモ,4組,"PDF p.88,89"
141-653A,箱蝶ソフトG 極小 (100組入),100組,商品名_JA,100組入,
141-653B,箱蝶ソフトG 極小 (300組入),300組,商品名_JA,300組入,
141-653S,箱蝶ソフトG 極小 (50組入),50組,商品名_JA,50組入,
141-654,箱蝶ソフトW 極小 14.5×7,4組,PDF抽出メモ,4組,"PDF p.88,89"
141-654A,箱蝶ソフトW 極小 (100組入),100組,商品名_JA,100組入,
141-654B,箱蝶ソフトW 極小 (300組入),300組,商品名_JA,300組入,
141-654S,箱蝶ソフトW 極小 (50組入),50組,商品名_JA,50組入,
141-655,箱蝶ソフトG 小 14.5×7,4組,PDF抽出メモ,4組,"PDF p.88,89"
141-655A,箱蝶ソフトG 小 (100組入),100組,商品名_JA,100組入,
141-655B,箱蝶ソフトG 小 (300組入),300組,商品名_JA,300組入,
141-655S,箱蝶ソフトG 小 (50組入),50組,商品名_JA,50組入,
141-656,箱蝶ソフトW 小 14.5×7,4組,PDF抽出メモ,4組,"PDF p.88,89"
141-656A,箱蝶ソフトW 小 (100組入),100組,商品名_JA,100組入,
141-656B,箱蝶ソフトW 小 (300組入),300組,商品名_JA,300組入,
141-656S,箱蝶ソフトW 小 (50組入),50組,商品名_JA,50組入,
141-657,箱蝶ソフトG 中 17×8,4組,PDF抽出メモ,4組,"PDF p.88,89"
141-657A,箱蝶ソフトG 中 (100組入),100組,商品名_JA,100組入,
141-657B,箱蝶ソフトG 中 (300組入),300組,商品名_JA,300組入,
141-657S,箱蝶ソフトG 中 (50組入),50組,商品名_JA,50組入,
141-658,箱蝶ソフトW 中 17×8,4組,PDF抽出メモ,4組,"PDF p.88,89"
141-658A,箱蝶ソフトW 中 (100組入),100組,商品名_JA,100組入,
141-658B,箱蝶ソフトW 中 (300組入),300組,商品名_JA,300組入,
141-658S,箱蝶ソフトW 中 (50組入),50組,商品名_JA,50組入,
141-659,箱蝶ソフトG 大 19×9,4組,PDF抽出メモ,4組,"PDF p.88,89"
141-659A,箱蝶ソフトG 大 (100組入),100組,商品名_JA,100組入,
141-659B,箱蝶ソフトG 大 (300組入),300組,商品名_JA,300組入,
141-659S,箱蝶ソフトG 大 (50組入),50組,商品名_JA,50組入,
141-660,箱蝶ソフトW 大 19×9,4組,PDF抽出メモ,4組,"PDF p.88,89"
141-660A,箱蝶ソフトW 大 (100組入),100組,商品名_JA,100組入,
141-660B,箱蝶ソフトW 大 (300組入),300組,商品名_JA,300組入,
141-660S,箱蝶ソフトW 大 (50組入),50組,商品名_JA,50組入,
141-661,シリコンワンタッチツインパット15×9,2ヶ,PDF抽出メモ,2ヶ,"PDF p.84,85"
141-662,箱蝶シリコンG大 18×9,2組,PDF抽出メモ,2組,"PDF p.82,83,96,97"
141-662A,箱蝶シリコンG大 (100組入),100組,商品名_JA,100組入,
141-662B,箱蝶シリコンG大 (300組入),300組,商品名_JA,300組入,
141-662S,箱蝶シリコンG大 (50組入),50組,商品名_JA,50組入,
141-663,箱蝶シリコンW大 18×9,2組,PDF抽出メモ,2組,"PDF p.82,83,96,97"
141-663A,箱蝶シリコンW大 (100組入),100組,商品名_JA,100組入,
141-663B,箱蝶シリコンW大 (300組入),300組,商品名_JA,300組入,
141-663S,箱蝶シリコンW大 (50組入),50組,商品名_JA,50組入,
141-668,±木ネジW1.6×8.0×2.3,20本,PDF抽出メモ,20本,"PDF p.110,111"
141-669,カーブパット 13×7,5組,PDF抽出メモ,5組,"PDF p.86,87"
141-673,箱蝶シリコン極小G 13×7.5,2組,PDF抽出メモ,2組,"PDF p.82,83"
141-673A,箱蝶シリコン極小G (100組入),100組,商品名_JA,100組入,
141-673B,箱蝶シリコン極小G (300組入),300組,商品名_JA,300組入,
141-673S,箱蝶シリコン極小G (50組入),50組,商品名_JA,50組入,
141-674,箱蝶シリコン極小W 13×7.5,2組,PDF抽出メモ,2組,"PDF p.82,83"
141-674A,箱蝶シリコン極小W (100組入),100組,商品名_JA,100組入,
141-674B,箱蝶シリコン極小W (300組入),300組,商品名_JA,300組入,
141-674S,箱蝶シリコン極小W (50組入),50組,商品名_JA,50組入,
141-690,±OSダブルロックW1.0×3.8,20本,PDF抽出メモ,20本,"PDF p.120,121"
141-690A,±OSダブルロックW(100本入),100本,商品名_JA,100本入,
141-690B,±OSダブルロックW(300本入),300本,商品名_JA,300本入,
141-690C,±OSダブルロックW(1000本入),1000本,商品名_JA,1000本入,
141-691,±OSダブルロックW1.2×3.8,20本,PDF抽出メモ,20本,"PDF p.120,121"
141-691A,±OSダブルロックW(100本入),100本,商品名_JA,100本入,
141-691B,±OSダブルロックW(300本入),300本,商品名_JA,300本入,
141-691C,±OSダブルロックW(1000本入),1000本,商品名_JA,1000本入,
141-700-1,丁番組座金W凸 2.8×0.9×1.6,10ヶ,PDF抽出メモ,10ヶ,PDF p.128
141-700-2,丁番組座金W凹 2.8×0.9×1.8,10ヶ,PDF抽出メモ,10ヶ,PDF p.128
141-702,丁番段付座金W 2.8×0.45×1.6 つば厚0.15,20ヶ,PDF抽出メモ,20ヶ,PDF p.129
141-702A,丁番段付座金W(100個入),100個,商品名_JA,100個入,
141-702B,丁番段付座金W(300個入),300個,商品名_JA,300個入,
141-702C,丁番段付座金W(1000個入),1000個,商品名_JA,1000個入,
141-703,丁番段付座金W 2.8×0.45×1.78,20ヶ,PDF抽出メモ,20ヶ,PDF p.129
141-703A,丁番段付座金W(100個入),100個,商品名_JA,100個入,
141-703B,丁番段付座金W(300個入),300個,商品名_JA,300個入,
141-703C,丁番段付座金W(1000個入),1000個,商品名_JA,1000個入,
141-704,丁番段付座金W 2.8×0.45×1.78 つば厚0.15,20ヶ,PDF抽出メモ,20ヶ,PDF p.129
141-704A,丁番段付座金W(100個入),100個,商品名_JA,100個入,
141-704B,丁番段付座金W(300個入),300個,商品名_JA,300個入,
141-704C,丁番段付座金W(1000個入),1000個,商品名_JA,1000個入,
141-706,アングルアジャストパットW 14.5×7,4組,PDF抽出メモ,4組,"PDF p.90,91"
141-707,チタンメタルパット 12.5×7,1組,PDF抽出メモ,1組,"PDF p.92,93"
141-708,鼻盛パット 左右対称(中) 16×7.5,1組,PDF抽出メモ,1組,"PDF p.104,105"
141-709,鼻盛パット 左右対称(小) 14×7,1組,PDF抽出メモ,1組,"PDF p.104,105,106"
141-710,鼻盛パット 高さ重視用 13.5×9,1組,PDF抽出メモ,1組,"PDF p.104,105,106"
141-711,鼻盛パット 太リム用 18.5×8.5,1組,PDF抽出メモ,1組,"PDF p.104,105,106"
141-712,鼻盛パット 細長型 18.5×7,1組,PDF抽出メモ,1組,"PDF p.104,105,106"
141-713,鼻盛パット 万能型 17×7,1組,PDF抽出メモ,1組,"PDF p.104,105"
141-714,鼻盛パット 小型(薄) 13×6.5,1組,PDF抽出メモ,1組,"PDF p.104,105"
141-715,鼻盛パット 小型(厚) 15×6,1組,PDF抽出メモ,1組,"PDF p.104,105"
141-722,シリコンツインパット14×9,2ヶ,PDF抽出メモ,2ヶ,"PDF p.82,83"
141-723,シリコンツインパット13×7,2ヶ,PDF抽出メモ,2ヶ,"PDF p.82,83"
141-724,チタンメタルパット 13.5×8,1組,PDF抽出メモ,1組,"PDF p.92,93"
141-725,箱蝶シリコン極小G 14.5×7,2組,PDF抽出メモ,2組,"PDF p.82,83"
141-725A,箱蝶シリコン極小G(100組入),100組,商品名_JA,100組入,
141-725B,箱蝶シリコン極小G(300組入),300組,商品名_JA,300組入,
141-725S,箱蝶シリコン極小G(50組入),50組,商品名_JA,50組入,
141-726,箱蝶シリコン極小W 14.5×7,2組,PDF抽出メモ,2組,"PDF p.82,83"
141-726A,箱蝶シリコン極小W(100組入),100組,商品名_JA,100組入,
141-726B,箱蝶シリコン極小W(300組入),300組,商品名_JA,300組入,
141-726S,箱蝶シリコン極小W(50組入),50組,商品名_JA,50組入,
141-729,箱蝶シリコン極小 14.5×7,3組,PDF抽出メモ,3組,"PDF p.82,83"
141-729A,箱蝶シリコン極小(100組入),100組,商品名_JA,100組入,
141-729B,箱蝶シリコン極小(300組入),300組,商品名_JA,300組入,
141-729S,箱蝶シリコン極小(50組入),50組,商品名_JA,50組入,
141-731-CL,一山パッド ニギリツブ クリア,1ヶ,PDF抽出メモ,1ヶ,"PDF p.94,95"
141-731-DM,一山パッド ニギリツブ デミ,1ヶ,PDF抽出メモ,1ヶ,"PDF p.94,95"
141-731-GL,一山パッド ニギリツブ グレー,1ヶ,PDF抽出メモ,1ヶ,"PDF p.94,95"
141-735-CG,ナノセラミックパッド(シャンパンゴールド),1組,PDF抽出メモ,1組,"PDF p.92,93"
141-735-DG,ナノセラミックパッド(ダークグレー),1組,PDF抽出メモ,1組,"PDF p.92,93"
141-735-G,ナノセラミックパッド(ゴールド),1組,PDF抽出メモ,1組,"PDF p.92,93"
141-735-PG,ナノセラミックパッド(ピンクゴールド),1組,PDF抽出メモ,1組,"PDF p.92,93"
141-735-S,ナノセラミックパッド(シルバー),1組,PDF抽出メモ,1組,"PDF p.92,93"
141-735-W,ナノセラミックパッド(ホワイト),1組,PDF抽出メモ,1組,"PDF p.92,93"
141-736,箱蝶シリコン極小G 14.5×7,2組,PDF抽出メモ,2組,"PDF p.82,83"
141-736A,箱蝶シリコン極小G 14.5×7(100組入),100組,商品名_JA,100組入,
141-736B,箱蝶シリコン極小G 14.5×7(300組入),300組,商品名_JA,300組入,
141-736S,箱蝶シリコン極小G 14.5×7(50組入),50組,商品名_JA,50組入,
141-737,箱蝶シリコン極小W 14.5×7,2組,PDF抽出メモ,2組,"PDF p.82,83"
141-737A,箱蝶シリコン極小W 14.5×7(100組入),100組,商品名_JA,100組入,
141-737B,箱蝶シリコン極小W 14.5×7(300組入),300組,商品名_JA,300組入,
141-737S,箱蝶シリコン極小W 14.5×7(50組入),50組,商品名_JA,50組入,
141-740,金属ワッシャW 3.5×0.5×1.5,16ヶ,PDF抽出メモ,16ヶ,PDF p.127
141-740A,金属ワッシャW 3.5×0.5×1.5(100個入),100個,商品名_JA,100個入,
141-740B,金属ワッシャW 3.5×0.5×1.5(300個入),300個,商品名_JA,300個入,
141-740C,金属ワッシャW 3.5×0.5×1.5(1000個入),1000個,商品名_JA,1000個入,
141-741,鼻盛パット マッシュ型 14~8×8.5,1組,PDF抽出メモ,1組,"PDF p.104,105"
141-742,2本ダキ足シリコンG 14.5×7,2本,商品名_JA,2本,"PDF p.84,85,96,97"
141-743,2本ダキ足シリコンW 14.5×7,2本,商品名_JA,2本,"PDF p.84,85,96,97"
141-747,箱蝶極小G(抗菌仕様)14.5×7,3組,PDF抽出メモ,3組,"PDF p.86,87"
141-747A,箱蝶極小G(抗菌仕様)14.5×7(100組入),100組,商品名_JA,100組入,
141-747B,箱蝶極小G(抗菌仕様)14.5×7(300組入),300組,商品名_JA,300組入,
141-747S,箱蝶極小G(抗菌仕様)14.5×7(50組入),50組,商品名_JA,50組入,
141-748,箱蝶極小W(抗菌仕様)14.5×7,3組,PDF抽出メモ,3組,"PDF p.86,87"
141-748A,箱蝶極小W(抗菌仕様)14.5×7(100組入),100組,商品名_JA,100組入,
141-748B,箱蝶極小W(抗菌仕様)14.5×7(300組入),300組,商品名_JA,300組入,
141-748S,箱蝶極小W(抗菌仕様)14.5×7(50組入),50組,商品名_JA,50組入,
141-749,箱蝶ソフト小G(抗菌仕様)14.5×7,3組,PDF抽出メモ,3組,"PDF p.88,89"
141-749A,箱蝶ソフト小G(抗菌仕様)14.5×7(100組入),100組,商品名_JA,100組入,
141-749B,箱蝶ソフト小G(抗菌仕様)14.5×7(300組入),300組,商品名_JA,300組入,
141-749S,箱蝶ソフト小G(抗菌仕様)14.5×7(50組入),50組,商品名_JA,50組入,
141-750,箱蝶ソフト小W(抗菌仕様)14.5×7,3組,PDF抽出メモ,3組,"PDF p.88,89"
141-750A,箱蝶ソフト小W(抗菌仕様)14.5×7(100組入),100組,商品名_JA,100組入,
141-750B,箱蝶ソフト小W(抗菌仕様)14.5×7(300組入),300組,商品名_JA,300組入,
141-750S,箱蝶ソフト小W(抗菌仕様)14.5×7(50組入),50組,商品名_JA,50組入,
141-751,箱蝶シリコン極小G(抗菌仕様)13×7.5,1組,PDF抽出メモ,1組,"PDF p.82,83"
141-751A,箱蝶シリコン極小G(抗菌仕様)13×7.5(100組入),100組,商品名_JA,100組入,
141-751B,箱蝶シリコン極小G(抗菌仕様)13×7.5(300組入),300組,商品名_JA,300組入,
141-751S,箱蝶シリコン極小G(抗菌仕様)13×7.5(50組入),50組,商品名_JA,50組入,
141-752,箱蝶シリコン極小G(抗菌仕様)13×7.5,1組,PDF抽出メモ,1組,"PDF p.82,83"
141-752A,箱蝶シリコン極小G(抗菌仕様)13×7.5(100組入),100組,商品名_JA,100組入,
141-752B,箱蝶シリコン極小G(抗菌仕様)13×7.5(300組入),300組,商品名_JA,300組入,
141-752S,箱蝶シリコン極小G(抗菌仕様)13×7.5(50組入),50組,商品名_JA,50組入,
141-753,箱蝶シリコン極小G(抗菌仕様)14.5×7,1組,PDF抽出メモ,1組,"PDF p.82,83"
141-753A,箱蝶シリコン極小G(抗菌仕様)14.5×7(100組入),100組,商品名_JA,100組入,
141-753B,箱蝶シリコン極小G(抗菌仕様)14.5×7(300組入),300組,商品名_JA,300組入,
141-753S,箱蝶シリコン極小G(抗菌仕様)14.5×7(50組入),50組,商品名_JA,50組入,
141-754,箱蝶シリコン極小W(抗菌仕様)14.5×7,1組,PDF抽出メモ,1組,"PDF p.82,83"
141-754A,箱蝶シリコン極小W(抗菌仕様)14.5×7(100組入),100組,商品名_JA,100組入,
141-754B,箱蝶シリコン極小W(抗菌仕様)14.5×7(300組入),300組,商品名_JA,300組入,
141-754S,箱蝶シリコン極小W(抗菌仕様)14.5×7(50組入),50組,商品名_JA,50組入,
141-757,鼻盛パット J型小 14~8 8.5,1組,PDF抽出メモ,1組,"PDF p.104,105"
141-758,鼻盛パット J型中 15~8.5 9,1組,PDF抽出メモ,1組,"PDF p.104,105"
141-766,ナイロールシート(30枚入),30枚,商品名_JA,30枚入,"PDF p.137,237"
141-767,丁番段付座金グラファイトW2.8×0.5×1.6,16ヶ,PDF抽出メモ,16ヶ,PDF p.128
141-767A,丁番段付座金グラファイトW2.8×0.5×1.6(100個入),100個,商品名_JA,100個入,
141-767B,丁番段付座金グラファイトW2.8×0.5×1.6(300個入),300個,商品名_JA,300個入,
141-768,丁番段付座金グラファイトWつば厚2.8×0.45×1.6,16ヶ,PDF抽出メモ,16ヶ,PDF p.128
141-768A,丁番段付座金グラファイトWつば厚2.8×0.45×1.6(100個入),100個,商品名_JA,100個入,
141-768B,丁番段付座金グラファイトWつば厚2.8×0.45×1.6(300個入),300個,商品名_JA,300個入,
141-769,丁番段付座金グラファイトW2.8×0.45×1.78,16ヶ,PDF抽出メモ,16ヶ,PDF p.128
141-769A,丁番段付座金グラファイトW2.8×0.45×1.78(100個入),100個,商品名_JA,100個入,
141-769B,丁番段付座金グラファイトW2.8×0.45×1.78(300個入),300個,商品名_JA,300個入,
141-770,丁番段付座金グラファイトWつば厚2.8×0.45×1.78,16ヶ,PDF抽出メモ,16ヶ,PDF p.128
141-770A,丁番段付座金グラファイトWつば厚2.8×0.45×1.78(100個入),100個,商品名_JA,100個入,
141-770B,丁番段付座金グラファイトWつば厚2.8×0.45×1.78(300個入),300個,商品名_JA,300個入,
141-771,丁番段付座金グラファイトW3.0×0.45×1.78,16ヶ,PDF抽出メモ,16ヶ,PDF p.128
141-771A,丁番段付座金グラファイトW3.0×0.45×1.78(100個入),100個,商品名_JA,100個入,
141-771B,丁番段付座金グラファイトW3.0×0.45×1.78(300個入),300個,商品名_JA,300個入,
141-772,丁番段付座金グラファイトW3.0×0.5×1.78,16ヶ,PDF抽出メモ,16ヶ,PDF p.128
141-772A,丁番段付座金グラファイトW3.0×0.5×1.78(100個入),100個,商品名_JA,100個入,
141-772B,丁番段付座金グラファイトW3.0×0.5×1.78(300個入),300個,商品名_JA,300個入,
141-773-CL,一山パッド オニニギリ クリア,1ヶ,PDF抽出メモ,1ヶ,"PDF p.94,95"
141-773-DM,一山パッド オニニギリ デミアンバー,1ヶ,PDF抽出メモ,1ヶ,"PDF p.94,95"
141-774,丁番段付座金グラファイトWつば薄2.8×0.45×1.6,14ヶ,PDF抽出メモ,14ヶ,PDF p.128
141-774A,丁番段付座金グラファイトWつば薄2.8×0.45×1.6(100個入),100個,商品名_JA,100個入,
141-774B,丁番段付座金グラファイトWつば薄2.8×0.45×1.6(300個入),300個,商品名_JA,300個入,
141-775,丁番段付座金グラファイトWつば薄2.8×0.45×1.78,14ヶ,PDF抽出メモ,14ヶ,PDF p.128
141-775A,丁番段付座金グラファイトWつば薄2.8×0.45×1.78(100個入),100個,商品名_JA,100個入,
141-775B,丁番段付座金グラファイトWつば薄2.8×0.45×1.78(300個入),300個,商品名_JA,300個入,
141-776,箱蝶シリコン小G 17×8,2組,PDF抽出メモ,2組,"PDF p.82,83"
141-776A,箱蝶シリコンパットG小(100組入),100組,商品名_JA,100組入,
141-776B,箱蝶シリコンパットG小(300組入),300組,商品名_JA,300組入,
141-776S,箱蝶シリコンパットG小(50組入),50組,商品名_JA,50組入,
141-777,箱蝶シリコン小W 17×8,2組,PDF抽出メモ,2組,"PDF p.82,83"
141-777A,箱蝶シリコンパットW小(100組入),100組,商品名_JA,100組入,
141-777B,箱蝶シリコンパットW小(300組入),300組,商品名_JA,300組入,
141-777S,箱蝶シリコン小W 17×8(50組入),50組,商品名_JA,50組入,
141-780,Wブッシュ0.8×1.4,8本,PDF抽出メモ,8本,PDF p.124
141-778-CG-A,チタンプレミアムパッド(シャンパンゴールド×ブラック),1組,PDF抽出メモ,1組,"PDF p.92,93,161"
141-778-CG-B,チタンプレミアムパッド(シャンパンゴールド×ブラウン),1組,PDF抽出メモ,1組,"PDF p.92,93,161"
141-778-S-A,チタンプレミアムパッド(シルバー×ブラック),1組,PDF抽出メモ,1組,"PDF p.92,93,161"
141-778-S-B,チタンプレミアムパッド(シルバー×ブラウン),1組,PDF抽出メモ,1組,"PDF p.92,93,161"
141-779-CG-A,チタンプレミアムパッド(シャンパンゴールド×ブラック),1組,PDF抽出メモ,1組,"PDF p.92,93,161"
141-779-CG-B,チタンプレミアムパッド(シャンパンゴールド×ブラウン),1組,PDF抽出メモ,1組,"PDF p.92,93,161"
141-779-BK-A,チタンプレミアムパッド(ブラック×ブラック),1組,PDF抽出メモ,1組,"PDF p.92,93,161"
141-779-BK-B,チタンプレミアムパッド(ブラック×ブラウン),1組,PDF抽出メモ,1組,"PDF p.92,93,161"
141-779-RW-A,チタンプレミアムパッド(ベースメタル×ブラック),1組,PDF抽出メモ,1組,"PDF p.92,93,161"
141-779-RW-B,チタンプレミアムパッド(ベースメタル×ブラウン),1組,PDF抽出メモ,1組,"PDF p.92,93,161"
141-782,ハイロンSパッド14.4×7.5,1組,PDF抽出メモ,1組,"PDF p.88,89,157"
141-783,ハイロンRパッド15×8,1組,PDF抽出メモ,1組,"PDF p.88,89,157"
141-784,ハイロンEXパッド13×7.5,1組,PDF抽出メモ,1組,"PDF p.88,89,157"
141-785,ハイロンEXパッド14.4×7.5,1組,PDF抽出メモ,1組,"PDF p.88,89,157"
141-786,ボリュームアップパッド15×8 厚み3.6mm,2組,PDF抽出メモ,2組,"PDF p.90,91"
141-788,箱蝶シリコン極小11×5,3組,PDF抽出メモ,3組,"PDF p.82,83"
141-789,チタンワンタッチ 13.7×6.3,1組,PDF抽出メモ,1組,"PDF p.94,95"
141-790,2本ダキ足G 15.7×8,2本,商品名_JA,2本,"PDF p.94,95"
141-791,2本ダキ足W 15.7×8,2本,商品名_JA,2本,"PDF p.94,95"
141-792,クロスインサート式パッドG 14×6.5,2組,PDF抽出メモ,2組,PDF p.12 / カタログP.18
141-793,クロスインサート式パッドW 14×6.5,2組,PDF抽出メモ,2組,PDF p.12 / カタログP.18
141-794,六角ネジGステンレス 1.4×12,10本,PDF抽出メモ,10本,PDF p.124
141-794A,六角ネジGステンレス(100本入),100本,商品名_JA,100本入,
141-794B,六角ネジGステンレス(300本入),300本,商品名_JA,300本入,
141-795,六角ネジWステンレス 1.4×12,10本,PDF抽出メモ,10本,PDF p.124
141-795A,六角ネジWステンレス(100本入),100本,商品名_JA,100本入,
141-795B,六角ネジWステンレス(300本入),300本,商品名_JA,300本入,
141-796,六角底付ナットG 1.4×2.25×2.0,22ヶ,PDF抽出メモ,22ヶ,PDF p.125
141-796A,六角底付ナットG(100個入),100個,商品名_JA,100個入,
141-796B,六角底付ナットG(300個入),300個,商品名_JA,300個入,
141-796C,六角底付ナットG(1000個入),1000個,商品名_JA,1000個入,
141-797,六角底付ナットW 1.4×2.25×2.0,22ヶ,PDF抽出メモ,22ヶ,PDF p.125
141-797A,六角底付ナットW(100個入),100個,商品名_JA,100個入,
141-797B,六角底付ナットW(300個入),300個,商品名_JA,300個入,
141-797C,六角底付ナットW(1000個入),1000個,商品名_JA,1000個入,
141-798,金属ワッシャG 2.5×0.2×1.45,22ヶ,PDF抽出メモ,22ヶ,PDF p.127
141-798A,金属ワッシャG(100個入),100個,商品名_JA,100個入,
141-798B,金属ワッシャG(300個入),300個,商品名_JA,300個入,
141-798C,金属ワッシャG(1000個入),1000個,商品名_JA,1000個入,
141-799,金属ワッシャW 2.5×0.2×1.45,22ヶ,PDF抽出メモ,22ヶ,PDF p.127
141-799A,金属ワッシャW(100個入),100個,商品名_JA,100個入,
141-799B,金属ワッシャW(300個入),300個,商品名_JA,300個入,
141-799C,金属ワッシャW(1000個入),1000個,商品名_JA,1000個入,
144-F,バフ布セル用125mm(2枚入り),2枚,商品名_JA,2枚入,"PDF p.296,298"
144-G,綿糸バフ 70mm,2枚,PDF抽出メモ,2枚入,"PDF p.296,298"
144-I,バフ布メタル用100mm,2枚,PDF抽出メモ,2枚入,"PDF p.296,298"
144-S,右側10mm穴ソケットタケノコ付,2枚,PDF抽出メモ,2枚入,"PDF p.296,298"
160,+ドライバー(1本入り),1本,商品名_JA,1本入,PDF p.238
168,ネジ抜き器,10本,PDF抽出メモ,10本,PDF p.288
172-2-N,チップ20 0.60mm,1本,PDF抽出メモ,1本,PDF p.310
172-2-O,"チップ21 0.50mmO[No.172,172-2]兼用",1本,PDF抽出メモ,1本,PDF p.310
172-2-P,"チップ22 0.39mmP[No.172,172-2]兼用",1本,PDF抽出メモ,1本,PDF p.310
172-2-Q,"チップ23 0.32mmQ[No.172,172-2]兼用",1本,PDF抽出メモ,1本,PDF p.310
172-2-X,"バーナーチューブX[No.172,172-2]兼用",1本,PDF抽出メモ,1本,PDF p.310
173-A,"織フェルトバフA[No.173,235]兼用",2枚,PDF抽出メモ,2枚,"PDF p.297,298"
181,"ユ-ホビ-(ハンドドリル)[No.181,194-G]兼用",1個,PDF抽出メモ,1個,"PDF p.281,287"
193-1,No.193ヤットコ先プラスチック(1組中1ヶ分),1組,商品名_JA,1組,
194-AS6,"穴明ドリル 1.0mm お徳用6本セット[194-AS6,270-E2S6]兼用",6本,商品名_JA,6本,
194-BS6,"穴明ドリル 1.2mm お徳用6本セット[194-BS6,270-E3S6]兼用",6本,商品名_JA,6本,
194-CS6,"穴明ドリル 1.4mm お徳用6本セット[194-CS6,270-E4S6]兼用",6本,商品名_JA,6本,
194-OS6,"穴明ドリル 1.6mm お徳用6本セット[194-OS6,270-E5S6]兼用",6本,商品名_JA,6本,
194-PS6,"穴明ドリル 1.8mm お徳用6本セット[194-PS6,270-E6S6]兼用",6本,商品名_JA,6本,
194-SS6,"穴明ドリル 0.8mm お徳用6本セット[194-SS6,270-E1S6]兼用",6本,商品名_JA,6本,
194-TS6,"穴明ドリル 2.0mm お徳用6本セット[194-TS6,270-E7S6]兼用",6本,商品名_JA,6本,
194-US6,"穴明ドリル 2.2mm お徳用6本セット[194-US6,270-E8S6]兼用",6本,商品名_JA,6本,
194-W10S5,カッター砥石のみ お徳用5枚セット,5枚,商品名_JA,5枚,
194-W11S5,"フェルトのみお徳用5枚セットW11S5[No.194,270]兼用",5枚,商品名_JA,5枚,
194-W14S5,"シリコン磨き砥石のみお徳用5枚セットW14S5[No.194,270]兼用",5枚,商品名_JA,5枚,
194-W15S5,"シリコン磨き砥石のみお徳用5枚セットW15S5[No.194,270]兼用",5枚,商品名_JA,5枚,
194-W17S6,ネジ頭切り お徳用6本セット,6本,商品名_JA,6本,
194-X1S6,穴明ドリル 0.5mm お徳用6本セット,6本,商品名_JA,6本,
194-X2S6,穴明ドリル 0.6mm お徳用6本セット,6本,商品名_JA,6本,
194-X3S6,穴明ドリル 1.5mm お徳用6本セット,6本,商品名_JA,6本,
200-1,ミニドライバー(2本入),2本,商品名_JA,2本入,PDF p.239
200,ミニドライバーセット(2本×100個入),100個,商品名_JA,100個入,PDF p.239
200-A,ミニドライバー(1本入・1.6mm),1本,商品名_JA,1本入,PDF p.238
200-AL,(-) ミニドライバーセット 200本入 ケース付き,200本,商品名_JA,200本入,PDF p.238
200-B,+ミニドライバー(1本入・2.0mm),1本,商品名_JA,1本入,PDF p.238
200-BL,(+) ミニドライバーセット 200本入 ケース付き,200本,商品名_JA,200本入,PDF p.238
204-205,±ロングロックW丸頭1.4×2.5,14本,PDF抽出メモ,14本,PDF p.122
204-207,±ロングロックW丸頭1.4×3.0,14本,PDF抽出メモ,14本,PDF p.122
204-209,±ロングロックW丸頭1.4×3.5,14本,PDF抽出メモ,14本,PDF p.122
204-215,±ロングロックW平頭1.4×6.0,10本,PDF抽出メモ,10本,PDF p.122
204-216,±ロングロックW平頭1.7×3.5,10本,PDF抽出メモ,10本,PDF p.122
204-217,±ロングロックW平頭1.7×4.0,10本,PDF抽出メモ,10本,PDF p.122
204-621,±ロングロックW平頭1.7×6.3×2.4,50本,PDF抽出メモ,50本,PDF p.122
206,ビコーケーブルFセット,5ペア,PDF抽出メモ,5ペア入,PDF p.149
206-B,ビコーケーブルFセット(4ペア入・ブルー),4ペア,商品名_JA,4ペア入,
206-BE,ビコーケーブルFセット(4ペア入・ベージュ),4ペア,商品名_JA,4ペア入,
206-BK,ビコーケーブルFセット(4ペア入・ブラック),4ペア,商品名_JA,4ペア入,
206-BR,ビコーケーブルFセット(4ペア入・ブラウン),4ペア,商品名_JA,4ペア入,
206-GL,ビコーケーブルFセット(4ペア入・グレー),4ペア,商品名_JA,4ペア入,
206-GR,ビコーケーブルFセット(4ペア入・グリーン),4ペア,商品名_JA,4ペア入,
206-NB,ビコーケーブルFセット(4ペア入・ネイビー),4ペア,商品名_JA,4ペア入,
206-R,ビコーケーブルFセット(4ペア入・エンジ),4ペア,商品名_JA,4ペア入,
206-RE,ビコーケーブルFセット(4ペア入・レッド),4ペア,商品名_JA,4ペア入,
206-V,ビコーケーブルFセット(4ペア入・バイオレット),4ペア,商品名_JA,4ペア入,
224-221,(-)ネジG 1.0×4.0,20本,PDF抽出メモ,20本,PDF p.119
224-222,(-)ネジG 1.2×4.0,20本,PDF抽出メモ,20本,PDF p.119
224-223,(-)ネジG 1.4×3.0,20本,PDF抽出メモ,20本,PDF p.119
224-224,(-)ネジG 1.4×3.5,20本,PDF抽出メモ,20本,PDF p.119
224-225,(-)ネジG 1.4×4.0,20本,PDF抽出メモ,20本,PDF p.119
224-226,(-)ネジG 1.4×4.5,20本,PDF抽出メモ,20本,PDF p.119
224-227,(-)ネジG 1.4×5.0,20本,PDF抽出メモ,20本,PDF p.119
224-229,(-)ネジG 1.7×4.0,20本,PDF抽出メモ,20本,PDF p.119
224-230,(-)ネジG 1.7×4.5,20本,PDF抽出メモ,20本,PDF p.119
224-231,±ネジG 1.0×3.5,18本,PDF抽出メモ,18本,"PDF p.112,113"
224-232,±ネジG 1.2×4.0,18本,PDF抽出メモ,18本,"PDF p.112,113"
224-233,±ネジG 1.4×3.0,18本,PDF抽出メモ,18本,"PDF p.112,113"
224-234,±ネジG 1.4×3.5,18本,PDF抽出メモ,18本,"PDF p.112,113"
224-235,±ネジG 1.4×4.0,18本,PDF抽出メモ,18本,"PDF p.112,113"
224-236,±ネジG 1.4×4.5,18本,PDF抽出メモ,18本,"PDF p.112,113"
224-237,±ネジG 1.4×5.0,18本,PDF抽出メモ,18本,"PDF p.112,113"
224-238,±ネジG 1.7×3.0,18本,PDF抽出メモ,18本,"PDF p.112,113"
224-239,±ネジG 1.7×4.0,18本,PDF抽出メモ,18本,"PDF p.112,113"
224-240,±ネジG 1.7×5.0,18本,PDF抽出メモ,18本,"PDF p.112,113"
224-241,±ツーポイントネジG座付1.4×10.0,18本,PDF抽出メモ,18本,"PDF p.112,113,124"
224-241A,±ツーポイントネジG座付(100本入),100本,商品名_JA,100本入,
224-241B,±ツーポイントネジG座付(300本入),300本,商品名_JA,300本入,
224-242,±ネジG 1.4×2.0,18本,PDF抽出メモ,18本,"PDF p.112,113"
224-243,±ネジG 1.4×2.5,18本,PDF抽出メモ,18本,"PDF p.112,113"
224-244,±ネジG 1.4×2.7,18本,PDF抽出メモ,18本,"PDF p.112,113"
224-245,±ネジG 1.4×3.3,18本,PDF抽出メモ,18本,"PDF p.112,113"
224-246,±ネジG 1.4×3.7,18本,PDF抽出メモ,18本,"PDF p.112,113"
224-247,±フロント止ネジG 1.4×2.5,18本,PDF抽出メモ,18本,"PDF p.112,113"
224-248,±フロント止ネジG 1.4×3.0,18本,PDF抽出メモ,18本,"PDF p.112,113"
224-249,±フロント止ネジG 1.4×4.0,18本,PDF抽出メモ,18本,"PDF p.112,113"
224-250,±ネジG 1.7×6.0,18本,PDF抽出メモ,18本,"PDF p.112,113"
224-251,±ツーポイントネジG1.4×12.0,18本,PDF抽出メモ,18本,"PDF p.112,113,124,127"
224-251A,±ツーポイントネジG1.4×12.0(100本入),100本,商品名_JA,100本入,
224-251B,±ツーポイントネジG1.4×12.0(300本入),300本,商品名_JA,300本入,
224-759,(-)ネジG 1.4×2.5,20本,PDF抽出メモ,20本,PDF p.119
224-760,(-)ネジG 1.4×4.5,20本,PDF抽出メモ,20本,PDF p.119
224-761,(-)ネジG 1.7×5.0,20本,PDF抽出メモ,20本,PDF p.119
224-762,(-)ネジG 1.7×6.0,20本,PDF抽出メモ,20本,PDF p.119
224-763,(-)ネジG 1.7×7.5,20本,PDF抽出メモ,20本,PDF p.119
228-S,(-)ライトドライバーセット 50本入 ケース付き,50本,商品名_JA,50本入,PDF p.238
229-S,(+)ライトドライバーセット 50本入 ケース付き,50本,商品名_JA,50本入,PDF p.238
235,レンズ艶出機(デラックス型),1ヶ,PDF抽出メモ,1ヶ,"PDF p.297,298"
250-A,固定台,6組,PDF抽出メモ,6組入,"PDF p.103,306"
250-D,鼻盛パット,6組,PDF抽出メモ,6組入,"PDF p.103,306"
250-E,鼻盛パット,6組,PDF抽出メモ,6組入,"PDF p.103,306"
250-F,鼻盛パット,6組,PDF抽出メモ,6組入,"PDF p.103,306"
250-G,鼻盛パット,6組,PDF抽出メモ,6組入,"PDF p.103,306"
250-I,鼻盛パット,6組,PDF抽出メモ,6組入,"PDF p.103,306"
250-J,鼻盛パット,6組,PDF抽出メモ,6組入,"PDF p.103,306"
250-K,白化防止プライマー,6組,PDF抽出メモ,1袋6組入,"PDF p.103,105,153,306,307..."
256-L,セルシールL 2.5mm 10組,10組,商品名_JA,10組,PDF p.154
256-LL,セルシールLL 3.0mm 10組,10組,商品名_JA,10組,PDF p.154
256-M,セルシールM 1.8mm 10組,10組,商品名_JA,10組,PDF p.154
256-S,セルシールS 1.3mm 10組,10組,商品名_JA,10組,PDF p.154
257-1,セルモリー1 1.0mm 12組,12組,商品名_JA,12組,PDF p.155
257-2,セルモリー2 1.5mm 12組,12組,商品名_JA,12組,PDF p.155
257-3,セルモリー3 2.2mm 12組,12組,商品名_JA,12組,PDF p.155
259-B,メガロックB ベージュ,2ペア,PDF抽出メモ,2ペア入,PDF p.151
259-C,メガロックC ブラック,2ペア,PDF抽出メモ,2ペア入,PDF p.151
270-D1,"ネジ切りタップ1.3mmD1[270,168]兼用",6本,PDF抽出メモ,6本入,"PDF p.282,288"
270-D1S10,"ネジ切りタップ 1.3mm お徳用10本セットD1S10[270,168]兼用",10本,商品名_JA,10本,
270-D2,"ネジ切りタップ1.5mmD2[270,168]兼用",6本,PDF抽出メモ,6本入,"PDF p.282,288"
270-D2S10,"ネジ切りタップ 1.5mm お徳用10本セットD2S10[270,168]兼用",10本,商品名_JA,10本,
270-D3S10,"ネジ切りタップ 1.8mm お徳用10本セットD3S10[270,168]兼用",10本,商品名_JA,10本,
270-G2,超硬切込ドリル 1.2mm,1本,PDF抽出メモ,1本,PDF p.282
270-H2,ダイヤモンド切込ドリル 1.2mm,1本,PDF抽出メモ,1本,PDF p.282
270-JS10,"ネジ切りタップ 1.0mm お徳用10本セットJS10[270,168,194]兼用",10本,商品名_JA,10本,
270-K,"ネジ切りタップ1.4mmK[270,168,194]兼用",6本,PDF抽出メモ,6本入,"PDF p.282,288"
270-KS10,"ネジ切りタップ 1.4mm お徳用10本セットKS10[270,168,194]兼用",10本,商品名_JA,10本,
270-L,"ネジ切りタップ1.7mmL[270,168,194]兼用",6本,PDF抽出メモ,6本入,"PDF p.282,288"
270-LS10,"ネジ切りタップ 1.7mm お徳用10本セットLS10[270,168,194]兼用",10本,商品名_JA,10本,
270-PS6,切込ドリル 0.8mm お徳用6本セット,6本,商品名_JA,6本,
270-Q,"切込ドリル1.0mmQ[270,194]兼用",1本,PDF抽出メモ,1本,PDF p.282
270-QS6,"切込ドリル 1.0mm お徳用6本セットQS6[270,194]兼用",6本,商品名_JA,6本,
270-R,"切込ドリル1.2mmR[270,194]兼用",1本,PDF抽出メモ,1本,PDF p.282
270-RS6,"切込ドリル 1.2mm お徳用6本セットRS6[270,194]兼用",6本,商品名_JA,6本,
270-S,切込ドリル 1.4mm,1本,PDF抽出メモ,1本,PDF p.282
270-SS6,切込ドリル 1.4mm お徳用6本セット,6本,商品名_JA,6本,
270-T,切込ドリル 1.6mm,1本,PDF抽出メモ,1本,PDF p.282
270-TS6,切込ドリル 1.6mm お徳用6本セット,6本,商品名_JA,6本,
270-US6,切込ドリル 1.8mm お徳用6本セット,6本,商品名_JA,6本,
270-Z,"ネジ切りタップ1.2mmZ[270,168,194]兼用",6本,PDF抽出メモ,6本入,"PDF p.282,288"
270-ZS10,"ネジ切りタップ 1.2mm お徳用10本セットZS10[270,168,194]兼用",10本,商品名_JA,10本,
272-B,ラミマーク・部品 95×60 100枚入り,100枚,商品名_JA,100枚入,PDF p.348
272-C,ラミマーク・部品 95×65 100枚入り,100枚,商品名_JA,100枚入,PDF p.348
281,+キャッチドライバー(2.0mm),1本,PDF抽出メモ,1本,PDF p.228
287EX,ハイロンEXパッド 小,9ペア,PDF抽出メモ,1箱9ペア入,PDF p.157
287EX-A,ハイロンEXパッド小 お徳用(50ペア),50ペア,商品名_JA,(50ペア),PDF p.157
287EX-M,ハイロンEXパッド 極小,9ペア,PDF抽出メモ,1箱9ペア入,PDF p.157
287EX-M-A,ハイロンEXパッド極小 お徳用(50ペア),50ペア,商品名_JA,(50ペア),PDF p.157
287R,ハイロンRパッド(男性用),9ペア,PDF抽出メモ,1箱9ペア入,PDF p.157
287R-A,ハイロンRパッド(男性用) お徳用(50ペア),50ペア,商品名_JA,(50ペア),PDF p.157
287S,ハイロンSパッド(女性用),9ペア,PDF抽出メモ,1箱9ペア入,PDF p.157
287S-A,ハイロンSパッド(女性用) お徳用(50ペア),50ペア,商品名_JA,(50ペア),PDF p.157
291-B,"リフトオフコレクションテープB[291292,390,737]兼用",2ヶ,PDF抽出メモ,2ヶ入,PDF p.350
291-C,"デージーホイールC[291,292,737]兼用",2ヶ,PDF抽出メモ,2ヶ入,PDF p.350
291-D,"デージーホイール(税込タイプ)D[291,292,737]兼用",2ヶ,PDF抽出メモ,2ヶ入,PDF p.350
309-A,ツーポイントナット廻し 100本入 ケース付き,100本,商品名_JA,100本入,PDF p.238
310-1,アフターケア(3本入)1個,3本,商品名_JA,3本入,PDF p.239
310,アフターケアセット(3本入×60個入),3本,商品名_JA,3本入,PDF p.239
310-S,アフターケアセット(3本入×20個入),3本,商品名_JA,3本入,PDF p.239
312-2,シリコンパットDX 大,1ペア,PDF抽出メモ,1ペア,PDF p.159
312-4,シリコンパットDX 小,1ペア,PDF抽出メモ,1ペア,PDF p.159
312-5,シリコンパットDX 極小,1ペア,PDF抽出メモ,1ペア,PDF p.159
312-A-2-G,シリコンパットDX 大 金(50ペア入),50ペア,商品名_JA,50ペア入,PDF p.159
312-A-2-W,シリコンパットDX 大 銀(50ペア入),50ペア,商品名_JA,50ペア入,PDF p.159
312-A-4-G,シリコンパットDX 小 金(50ペア入),50ペア,商品名_JA,50ペア入,PDF p.159
312-A-4-W,シリコンパットDX 小 銀(50ペア入),50ペア,商品名_JA,50ペア入,PDF p.159
312-A-5-G,シリコンパットDX 極小 金(50ペア入),50ペア,商品名_JA,50ペア入,PDF p.159
312-A-5-W,シリコンパットDX 極小 銀(50ペア入),50ペア,商品名_JA,50ペア入,PDF p.159
315,ジュニアケーブルセット,5ペア,PDF抽出メモ,5ペア入,PDF p.149
323-BK,メガロックミニ ブラック,2ペア,PDF抽出メモ,2ペア入,PDF p.151
323-BR,メガロックミニ ブラウン,2ペア,PDF抽出メモ,2ペア入,PDF p.151
323-GR,メガロックミニ グリーン,2ペア,PDF抽出メモ,2ペア入,PDF p.151
336-A,ドライバー先 +2.0mm,1本,PDF抽出メモ,1本,PDF p.291
336-D,六角ナット廻し 2.6mm,4個,PDF抽出メモ,4個入,PDF p.291
336-E,六角ナット廻し 2.0mm,4個,PDF抽出メモ,4個入,PDF p.291
336-F,ゴムパッキン(4個入),4個,商品名_JA,4個入,PDF p.291
339,鉄製ツーポナット廻し,300本,PDF抽出メモ,300本,PDF p.238
350-1,アフターケアセット(2本入)1個,2本,商品名_JA,2本入,PDF p.239
350,アフターケアセット(2本入×60個入),2本,商品名_JA,2本入,PDF p.239
350-S,アフターケアセット(2本入×20個入),2本,商品名_JA,2本入,PDF p.239
353-1,アフターケア(2本入)1個,2本,商品名_JA,2本入,PDF p.239
353,アフターケアセット(2本入×60個入),2本,商品名_JA,2本入,PDF p.239
356-1,No.356ヤットコ先プラスチック(ブルー)(1組中1ヶ分),1組,商品名_JA,1組,
360,トルクドライバー(2本入),2本,商品名_JA,2本入,PDF p.233
382,シリコンモダンスリム,5ペア,PDF抽出メモ,5ペア入,PDF p.149
397-A,ヤットコ先カバー(3mm),8本,PDF抽出メモ,8本入,PDF p.195
397-C,ヤットコ先カバー(5mm),6本,PDF抽出メモ,6本入,PDF p.195
399-2-CL,クッションハイロンパット大 クリアー,1ペア,PDF抽出メモ,1ペア,PDF p.158
399-4-CL,クッションハイロンパット小 クリアー,1ペア,PDF抽出メモ,1ペア,PDF p.158
399-A-2-CL,クッションハイロンパット大 クリアー 50ペア,50ペア,商品名_JA,50ペア,PDF p.158
399-A-4-CL,クッションハイロンパット小 クリアー 50ペア,50ペア,商品名_JA,50ペア,PDF p.158
436,レンズメーターLM-15クロスラインピンホールコロナ式,2本,PDF抽出メモ,(2本),PDF p.257
436-B,"ACアダプターB[No.436,437]兼用",0枚,PDF抽出メモ,000枚入,PDF p.257
449-1.25,バイフォーカルレンズ1枚,1枚,商品名_JA,1枚,
600,ソフレモダン,10本,PDF抽出メモ,10本,PDF p.148
600L,ソフレモダン 平芯,10本,PDF抽出メモ,10本,PDF p.148
603-A,スリムフィット 1ペア,1ペア,商品名_JA,1ペア,PDF p.153
603-B,スリムフィット(ブラック) 1ペア,1ペア,商品名_JA,1ペア,PDF p.153
606,マルチドライバーセット(キーホルダー付),1本,PDF抽出メモ,1本,PDF p.239
606-G,マルチドライバーG 1本,1本,商品名_JA,1本,PDF p.239
606-W,マルチドライバーW 1本,1本,商品名_JA,1本,PDF p.239
614-A,"ヤットコ先プラスチック(2組入)三ツマタA[614,1006]兼用",2組,商品名_JA,2組入,PDF p.203
614-B,"ヤットコ先プラスチック(2組入)直線B[614,1006]兼用",2組,商品名_JA,2組入,PDF p.203
623-A,レンズロックテープ(10シート、100ヶ入),100ヶ,商品名_JA,100ヶ入,PDF p.322
623-B,レンズロックテープ(1ロール、1000ヶ入),1000ヶ,商品名_JA,1000ヶ入,PDF p.322
630-1,ケース丈,2本,PDF抽出メモ,2本入,PDF p.248
634S,モアシンプル カラー3本セット(56.58.60),3本,商品名_JA,3本,"PDF p.264,265"
636-B,型板(大)B透明(20枚入),20枚,商品名_JA,20枚入,PDF p.333
639,修正砥石(荒),5本,PDF抽出メモ,5本入,PDF p.312
640,修正砥石(仕上),5本,PDF抽出メモ,5本入,PDF p.312
644,モダンCPセット,2本,PDF抽出メモ,2本,PDF p.146
645-337,±RedネジW平頭 1.4×2.3,10本,PDF抽出メモ,10本,"PDF p.108,109"
645-337A,±RedネジW平頭(100本入),100本,商品名_JA,100本入,
645-337B,±RedネジW平頭(300本入),300本,商品名_JA,300本入,
645-337S,±RedネジW平頭(50本入),50本,商品名_JA,50本入,
645-338,±RedネジW平頭 1.4×2.5,10本,PDF抽出メモ,10本,"PDF p.108,109"
645-338A,±RedネジW平頭(100本入),100本,商品名_JA,100本入,
645-338B,±RedネジW平頭(300本入),300本,商品名_JA,300本入,
645-338S,±RedネジW平頭(50本入),50本,商品名_JA,50本入,
645-339,±RedネジW平頭 1.4×2.5,7本,PDF抽出メモ,7本,"PDF p.108,109"
645-339A,±RedネジW平頭(100本入),100本,商品名_JA,100本入,
645-339B,±RedネジW平頭(300本入),300本,商品名_JA,300本入,
645-339S,±RedネジW平頭(50本入),50本,商品名_JA,50本入,
645-340,±RedネジW平頭 1.4×2.8,10本,PDF抽出メモ,10本,"PDF p.108,109"
645-340A,±RedネジW平頭(100本入),100本,商品名_JA,100本入,
645-340B,±RedネジW平頭(300本入),300本,商品名_JA,300本入,
645-340S,±RedネジW平頭(50本入),50本,商品名_JA,50本入,
645-341,±RedネジW平頭 1.4×2.9,10本,PDF抽出メモ,10本,"PDF p.108,109"
645-342,±RedネジW平頭 1.4×3.0,10本,PDF抽出メモ,10本,"PDF p.108,109"
645-342A,±RedネジW平頭(100本入),100本,商品名_JA,100本入,
645-342B,±RedネジW平頭(300本入),300本,商品名_JA,300本入,
645-342S,±RedネジW平頭(50本入),50本,商品名_JA,50本入,
645-343,±RedネジW平頭 1.4×3.2,10本,PDF抽出メモ,10本,"PDF p.108,109"
645-343A,±RedネジW平頭(100本入),100本,商品名_JA,100本入,
645-343B,±RedネジW平頭(300本入),300本,商品名_JA,300本入,
645-343S,±RedネジW平頭(50本入),50本,商品名_JA,50本入,
645-344,±RedネジW平頭 1.4×3.5,7本,PDF抽出メモ,7本,"PDF p.108,109"
645-345,±RedネジW平頭 1.4×3.6,10本,PDF抽出メモ,10本,"PDF p.108,109"
645-345A,±RedネジW平頭(100本入),100本,商品名_JA,100本入,
645-345B,±RedネジW平頭(300本入),300本,商品名_JA,300本入,
645-345S,±RedネジW平頭(50本入),50本,商品名_JA,50本入,
645-346,±RedネジW平頭 1.4×4.1,10本,PDF抽出メモ,10本,"PDF p.108,109"
645-346A,±RedネジW平頭(100本入),100本,商品名_JA,100本入,
645-346B,±RedネジW平頭(300本入),300本,商品名_JA,300本入,
645-346S,±RedネジW平頭(50本入),50本,商品名_JA,50本入,
645-347,±RedネジW平頭 1.4×4.1,7本,PDF抽出メモ,7本,"PDF p.108,109"
645-348,±RedネジW平頭 1.4×4.3,7本,PDF抽出メモ,7本,"PDF p.108,109"
645-349,±RedネジW平頭 1.4×4.8,7本,PDF抽出メモ,7本,"PDF p.108,109"
645-531,±RedネジW平頭 1.7×3.7,7本,PDF抽出メモ,7本,"PDF p.108,109"
645-532,±RedネジW平頭 1.7×4.4,7本,PDF抽出メモ,7本,"PDF p.108,109"
645-533,±RedネジW平頭 1.7×4.6,7本,PDF抽出メモ,7本,"PDF p.108,109"
645-536,±RedネジW平頭 1.4×3.1,7本,PDF抽出メモ,7本,"PDF p.108,109"
645-537,±RedネジW平頭 1.4×3.4,10本,PDF抽出メモ,10本,"PDF p.108,109"
645-537A,±RedネジW平頭1.4×3.4(100本入),100本,商品名_JA,100本入,
645-537B,±RedネジW平頭1.4×3.4(300本入),300本,商品名_JA,300本入,
645-537S,±RedネジW平頭1.4×3.4(50本入),50本,商品名_JA,50本入,
645-538,±RedネジW平頭 1.4×3.8,10本,PDF抽出メモ,10本,"PDF p.108,109"
645-670,±RedネジW平頭 1.4×5.0,7本,PDF抽出メモ,7本,"PDF p.108,109"
645-671,±RedネジW平頭 1.4×5.7,7本,PDF抽出メモ,7本,"PDF p.108,109"
645-672,±RedネジW平頭 1.4×6.3,7本,PDF抽出メモ,7本,"PDF p.108,109"
647,ロールペーパー(2巻入),0枚,PDF抽出メモ,000枚入,"PDF p.257,333"
652,パットセットG・W,50組,PDF抽出メモ,50組,"PDF p.96,97"
653-5,クッションパット(ネジ) 極小,25ペア,PDF抽出メモ,1箱25ペア入,PDF p.158
653-A-2,クッションパット(50ペア入)大,50ペア,商品名_JA,50ペア入,PDF p.158
653-A-4,クッションパット(50ペア入)小,50ペア,商品名_JA,50ペア入,PDF p.158
653-A-5,クッションパット(50ペア入)極小,50ペア,商品名_JA,50ペア入,PDF p.158
659-2,クッションパット(ワンタッチ)大,25ペア,PDF抽出メモ,1箱25ペア入,PDF p.158
659-4,クッションパット(ワンタッチ)小,25ペア,PDF抽出メモ,1箱25ペア入,PDF p.158
659-5,クッションパット(ワンタッチ)極小,25ペア,PDF抽出メモ,1箱25ペア入,PDF p.158
659-A-2,クッションパット(50ペア入)大,50ペア,商品名_JA,50ペア入,PDF p.158
659-A-4,クッションパット(50ペア入)小,50ペア,商品名_JA,50ペア入,PDF p.158
659-A-5,クッションパット(50ペア入)極小,50ペア,商品名_JA,50ペア入,PDF p.158
670-D,メガネふきお得用バラ 7枚入×240袋入,7枚,商品名_JA,7枚入,PDF p.170
678-1,No.678ヤットコ先プラスチック(1組中1ヶ分),1組,商品名_JA,1組,
682-380,±ネジW 1.0×3.5,60本,PDF抽出メモ,60本,"PDF p.96,114,115"
682-381,±ネジW 1.2×3.5,60本,PDF抽出メモ,60本,"PDF p.96,114,115"
682-382,±ネジW 1.4×2.0,60本,PDF抽出メモ,60本,"PDF p.114,115"
682-383,±ネジW 1.4×2.5,60本,PDF抽出メモ,60本,"PDF p.114,115"
682-383B,±ネジW1.4×2.5(300本入),300本,商品名_JA,300本入,
682-383C,±ネジW1.4×2.5(1000本入),1000本,商品名_JA,1000本入,
682-384,±フロント止ネジW 1.4×2.5,60本,PDF抽出メモ,60本,"PDF p.114,115"
682-385,±ネジW 1.4×2.7,60本,PDF抽出メモ,60本,"PDF p.114,115"
682-385B,±ネジW1.4×2.7(300本入),300本,商品名_JA,300本入,
682-385C,±ネジW1.4×2.7(1000本入),1000本,商品名_JA,1000本入,
682-386,±ネジW 1.4×3.0,60本,PDF抽出メモ,60本,"PDF p.114,115"
682-386B,±ネジW1.4×3.0(300本入),300本,商品名_JA,300本入,
682-386C,±ネジW1.4×3.0(1000本入),1000本,商品名_JA,1000本入,
682-387,±フロント止ネジW 1.4×3.0,60本,PDF抽出メモ,60本,"PDF p.114,115"
682-388,±ネジW 1.4×3.3,60本,PDF抽出メモ,60本,"PDF p.114,115"
682-389,±ネジW 1.4×3.5,60本,PDF抽出メモ,60本,"PDF p.114,115"
682-389B,±ネジW1.4×3.5(300本入),300本,商品名_JA,300本入,
682-389C,±ネジW1.4×3.5(1000本入),1000本,商品名_JA,1000本入,
682-390,±ネジW 1.4×3.7,60本,PDF抽出メモ,60本,"PDF p.114,115"
682-391,±ネジW 1.4×4.0,60本,PDF抽出メモ,60本,"PDF p.114,115"
682-392,±フロント止ネジW 1.4×4.0,60本,PDF抽出メモ,60本,"PDF p.114,115"
682-393,±ネジW 1.4×4.5,60本,PDF抽出メモ,60本,"PDF p.114,115"
682-394,±ネジW 1.4×5.0,60本,PDF抽出メモ,60本,"PDF p.114,115"
682-395,±ネジW 1.4×7.0,60本,PDF抽出メモ,60本,"PDF p.114,115"
682-396,±ツーポイントネジW1.4×12.0,30本,PDF抽出メモ,30本,"PDF p.114,115"
682-397,±ネジW 1.7×4.0,60本,PDF抽出メモ,60本,"PDF p.114,115"
682-398,±ネジW 1.7×6.0,60本,PDF抽出メモ,60本,"PDF p.114,115"
682-399,±ネジW 1.7×10.0,60本,PDF抽出メモ,60本,"PDF p.114,115"
682-508,±ネジW 1.0×4.0,60本,PDF抽出メモ,60本,"PDF p.114,115"
682-509,±ネジW 1.2×4.0,60本,PDF抽出メモ,60本,"PDF p.114,115"
683-400,±ネジG 1.0×3.5,22本,PDF抽出メモ,22本,"PDF p.116,117"
683-401,±ネジG 1.2×4.0,22本,PDF抽出メモ,22本,"PDF p.116,117"
683-402,±ネジG 1.4×2.0,22本,PDF抽出メモ,22本,"PDF p.116,117"
683-403,±ネジG 1.4×2.5,22本,PDF抽出メモ,22本,"PDF p.116,117"
683-404,±フロント止ネジG 1.4×2.5,22本,PDF抽出メモ,22本,"PDF p.116,117"
683-405,±ネジG 1.4×2.7,22本,PDF抽出メモ,22本,"PDF p.116,117"
683-406,±ネジG 1.4×3.0,22本,PDF抽出メモ,22本,"PDF p.116,117"
683-407,±フロント止ネジG 1.4×3.0,22本,PDF抽出メモ,22本,"PDF p.116,117"
683-408,±ネジG 1.4×3.3,22本,PDF抽出メモ,22本,"PDF p.116,117"
683-409,±ネジG 1.4×3.5,22本,PDF抽出メモ,22本,"PDF p.116,117"
683-410,±ネジG 1.4×3.7,22本,PDF抽出メモ,22本,"PDF p.116,117"
683-411,±ネジG 1.4×4.0,22本,PDF抽出メモ,22本,"PDF p.116,117"
683-412,±フロント止ネジG 1.4×4.0,22本,PDF抽出メモ,22本,"PDF p.116,117"
683-413,±ネジG 1.4×4.5,22本,PDF抽出メモ,22本,"PDF p.116,117"
683-414,±ネジG 1.4×5.0,22本,PDF抽出メモ,22本,"PDF p.116,117"
683-415,±ツーポイントネジG1.4×12.0,20本,PDF抽出メモ,20本,"PDF p.116,117"
683-416,±ネジG 1.7×3.0,22本,PDF抽出メモ,22本,"PDF p.116,117"
683-417,±ネジG 1.7×4.0,22本,PDF抽出メモ,22本,"PDF p.116,117"
683-418,±ネジG 1.7×5.0,22本,PDF抽出メモ,22本,"PDF p.116,117"
683-419,±ネジG 1.7×6.0,22本,PDF抽出メモ,22本,"PDF p.116,117"
683-510,±ネジG 1.0×4.0×1.8,22本,PDF抽出メモ,22本,"PDF p.116,117"
683-511,±ネジG 1.2×4.0×2.0,22本,PDF抽出メモ,22本,"PDF p.116,117"
688-C,鼻盛パット19×7,6組,PDF抽出メモ,1袋 6組入,"PDF p.105,307"
688-D,鼻盛パット15×7,6組,PDF抽出メモ,1袋6組入,PDF p.307
692-430,±ネジK18 1.0×3.7×2.0,1本,PDF抽出メモ,1本,PDF p.123
692-431,±ネジK18 1.2×3.7×2.0,1本,PDF抽出メモ,1本,PDF p.123
692-432,±ネジK18 1.2×4.0×1.8,1本,PDF抽出メモ,1本,PDF p.123
692-433,±ネジK18 1.4×2.5×2.0,1本,PDF抽出メモ,1本,PDF p.123
692-434,±ネジK18 1.4×2.7×2.0,1本,PDF抽出メモ,1本,PDF p.123
692-435,±ネジK18 1.4×3.0×2.0,1本,PDF抽出メモ,1本,PDF p.123
692-436,±ネジK18 1.4×3.2×2.0,1本,PDF抽出メモ,1本,PDF p.123
692-437,±ネジK18 1.4×3.5×2.0,1本,PDF抽出メモ,1本,PDF p.123
692-438,±ネジK18 1.4×3.7×2.0,1本,PDF抽出メモ,1本,PDF p.123
692-439,±ネジK18 1.4×4.0×2.0,1本,PDF抽出メモ,1本,PDF p.123
692-440,±ネジK18 1.4×4.0×2.2,1本,PDF抽出メモ,1本,PDF p.123
692-441,±ネジK18 1.4×4.2×2.0,1本,PDF抽出メモ,1本,PDF p.123
692-442,±ネジK18 1.4×4.5×2.0,1本,PDF抽出メモ,1本,PDF p.123
692-443,±ネジK18 1.4×8.0×2.2,1本,PDF抽出メモ,1本,PDF p.123
692-444,六角ネジK18 1.4×8.0×2.25,1本,PDF抽出メモ,1本,PDF p.123
692-445,六角ナットK18 1.4×2.25×1.0,1ヶ,PDF抽出メモ,1ヶ,PDF p.123
692-446,六角底付ナットK18 1.4×2.25×2.0,1ヶ,PDF抽出メモ,1ヶ,PDF p.123
692-447,ワッシャK18 2.5×0.4×1.4,1ヶ,PDF抽出メモ,1ヶ,PDF p.123
692-448L,箱蝶K18 左 17×8,1ヶ,PDF抽出メモ,1ヶ,PDF p.123
692-448R,箱蝶K18 右 17×8,1ヶ,PDF抽出メモ,1ヶ,PDF p.123
692-496,ロックナットK18,1ヶ,PDF抽出メモ,1ヶ,PDF p.123
693-452,±ネジK14W 1.2×3.7×2.0,1本,PDF抽出メモ,1本,PDF p.123
693-453,±ネジK14W 1.2×4.0×1.8,1本,PDF抽出メモ,1本,PDF p.123
693-461,±ネジK14W 1.4×4.0×2.2,1本,PDF抽出メモ,1本,PDF p.123
693-462,±ネジK14W 1.4×4.2×2.0,1本,PDF抽出メモ,1本,PDF p.123
693-463,±ネジK14W 1.4×4.5×2.0,1本,PDF抽出メモ,1本,PDF p.123
693-497,ロックナットK14W,1ヶ,PDF抽出メモ,1ヶ,PDF p.123
704N,レンズ保護テープ(粘着強力)25×40mm,1000ヶ,PDF抽出メモ,1000ヶ入,PDF p.324
704N-B,レンズ保護テープ 粘着強力(100シート)25×40mm,1000ヶ,PDF抽出メモ,1000ヶ入,PDF p.324
704S,レンズ保護テープ(粘着強力)小型22×40mm,1000ヶ,PDF抽出メモ,1000ヶ入,PDF p.324
704S-B,レンズ保護テープ 粘着強力(100シート)22×40mm,1000ヶ,PDF抽出メモ,1000ヶ入,PDF p.324
710,ツーポイント部品セット,22ヶ,PDF抽出メモ,22ヶ,PDF p.127
716-A,ヤットコ先ビニール(6ケ入),6ヶ,商品名_JA,6ヶ入,PDF p.211
723-A,レンズロックテープ(10シート、100ヶ入),100ヶ,商品名_JA,100ヶ入,PDF p.322
723-B,レンズロックテープ(1ロール、1000ヶ入),1000ヶ,商品名_JA,1000ヶ入,PDF p.322
726-A,ドライバー先丈+2.0mm,1本,PDF抽出メモ,1本,PDF p.291
726-B,ドライバー先丈-2.0mm,1本,PDF抽出メモ,1本,PDF p.291
726-C,六角ナット廻し先丈2.0mm,1本,PDF抽出メモ,1本,PDF p.291
726-D,六角ナット廻し先丈2.3mm,1本,PDF抽出メモ,1本,PDF p.291
726-E,六角ナット廻し先丈2.5mm,1本,PDF抽出メモ,1本,PDF p.291
726-F,花型ナット廻し先丈2.6mm,1本,PDF抽出メモ,1本,PDF p.291
743-A,加工整理箱用カード(100枚入),100枚,商品名_JA,100枚入,PDF p.327
750-D,鼻盛液用ヘラ(5本入),5本,商品名_JA,5本入,PDF p.303
756-D-2,天然石ダイヤ2.25mm(2個入),2個,商品名_JA,2個入,PDF p.159
756-D-4,天然石ダイヤ1.5mm(10個入),10個,商品名_JA,10個入,PDF p.159
756-R-2,天然石ルビー2.25mm(2個入),2個,商品名_JA,2個入,PDF p.159
756-R-4,天然石ルビー1.5mm(10個入),10個,商品名_JA,10個入,PDF p.159
756-S-2,天然石サファイヤ2.25mm(2個入),2個,商品名_JA,2個入,PDF p.159
756-S-4,天然石サファイヤ1.5mm(10個入),10個,商品名_JA,10個入,PDF p.159
757-BR-4,合成石CZ(ブラウン)1.5mm(80個入),80個,商品名_JA,80個入,
757-GY-2,合成石CZ(ゴールデンイエロー)2.25mm(80個入),80個,商品名_JA,80個入,
757-OR-2,合成石CZ(オレンジ)2.25mm(80個入),80個,商品名_JA,80個入,
768-C,プライスホルダーC(100枚入),100枚,商品名_JA,100枚入,PDF p.351
769-A,値札(ホワイト)税込価格(1000枚入),1000枚,商品名_JA,1000枚入,PDF p.351
769-B,値札(ブルー)税込価格(1000枚入),1000枚,商品名_JA,1000枚入,PDF p.351
769-F,値札(ホワイト)税抜価格(1000枚入),1000枚,商品名_JA,1000枚入,PDF p.351
772-518,スライドバネ丁番スライドケースG,1組,PDF抽出メモ,1組,PDF p.133
772-519,スライドバネ丁番スライドケースW,1組,PDF抽出メモ,1組,PDF p.133
772-520,スプリングボルト,10個,PDF抽出メモ,10個,PDF p.133
772-521,バネ,10個,PDF抽出メモ,10個,PDF p.133
773-523,スライドバネ丁番スライドケースG,1組,PDF抽出メモ,1組,PDF p.133
773-524,スライドバネ丁番スライドケースW,1組,PDF抽出メモ,1組,PDF p.133
773-525,スライドバネ丁番スライドケースG,1組,PDF抽出メモ,1組,PDF p.133
773-526,スライドバネ丁番スライドケースW,1組,PDF抽出メモ,1組,PDF p.133
773-527,スプリングボルト,10個,PDF抽出メモ,10個,PDF p.133
773-528,バネ,10個,PDF抽出メモ,10個,PDF p.133
775,方眼シール(50枚入),50枚,商品名_JA,50枚入,PDF p.335
788,35通ポータブルレンズセット(アルミケース仕様),1枚,PDF抽出メモ,1枚,PDF p.267
794,(+)チェンジドライバーセット(2本入),2本,商品名_JA,2本入,PDF p.231
794S,(+)チェンジドライバーセット(3本入),3本,商品名_JA,3本入,PDF p.231
795,(-)チェンジドライバーセット(3本入),3本,商品名_JA,3本入,PDF p.231
797-P,ノンスリップクロスL ピンク,1枚,PDF抽出メモ,1枚,PDF p.175
798-A,レンズロックテープ ワイドカップ用(10シート、100ヶ入),100ヶ,商品名_JA,100ヶ入,PDF p.322
798-B,レンズロックテープ ワイドカップ用(1ロール、1000ヶ入),1000ヶ,商品名_JA,1000ヶ入,PDF p.322
799-1,No.799ヤットコ先プラスチック(1組中1ヶ分),1組,商品名_JA,1組,
806-A,ハンドドリル,1個,PDF抽出メモ,1個,PDF p.280
809-B,ビーバ お徳用セット (ブルー),6ヶ,PDF抽出メモ,6ヶ,PDF p.178
809-P,ビーバ お徳用セット (ピンク),6ヶ,PDF抽出メモ,6ヶ,PDF p.178
823,ピタームW ハイ・ロー各種5ペア,5ペア,商品名_JA,5ペア,"PDF p.101,305"
823-556,ピタームW 箱蝶 ハイポジション 6.2,1組,PDF抽出メモ,1組,"PDF p.98,101,305"
823-556-ASS,ピタームW 箱蝶ハイポジション 6.2 アーム5ペア入,5ペア,商品名_JA,5ペア入,"PDF p.101,305"
823-556SS,ピタームW 箱蝶 ハイポジション 6.2 5ペア,5ペア,商品名_JA,5ペア,"PDF p.101,305"
823-557,ピタームW 箱蝶 ローポジション 4.8,1組,PDF抽出メモ,1組,"PDF p.98,101,305"
823-557-ASS,ピタームW 箱蝶ローポジション 4.8 アーム5ペア入,5ペア,商品名_JA,5ペア入,"PDF p.101,305"
823-557SS,ピタームW 箱蝶 ローポジション 4.8 5ペア,5ペア,商品名_JA,5ペア,"PDF p.101,305"
823-730,ピタームBS W 箱蝶 3.6,1組,PDF抽出メモ,1組,"PDF p.98,101,305"
823-730-ASS,ピタームBS W 箱蝶 3.6 アーム 5ペア,5ペア,商品名_JA,5ペア,"PDF p.101,305"
823-730SS,ピタームBS W 箱蝶 3.6 5ペア,5ペア,商品名_JA,5ペア,"PDF p.101,305"
824,アイアームW 大中小各種5ペア,5ペア,商品名_JA,5ペア,"PDF p.100,304"
824-558-ASS,アイアームW(小)9.5×6.2 アーム5ペア入,5ペア,商品名_JA,5ペア入,"PDF p.100,304"
824-558SS,アイアームW(小) 9.5×6.2 5ペア,5ペア,商品名_JA,5ペア,"PDF p.100,304"
824-559-ASS,アイアームW(中)12.5×6.2 アーム5ペア入,5ペア,商品名_JA,5ペア入,"PDF p.100,304"
824-559SS,アイアームW(中)12.5×6.2 5ペア,5ペア,商品名_JA,5ペア,"PDF p.100,304"
824-560-ASS,アイアームW(大)15.5×6.2 アーム5ペア入,5ペア,商品名_JA,5ペア入,"PDF p.100,304"
824-560SS,アイアームW(大)15.5×6.2 5ペア,5ペア,商品名_JA,5ペア,"PDF p.100,304"
825-561,アップダウンパット(小)箱蝶 15×7.3,1ペア,PDF抽出メモ,1ペア,PDF p.156
825-561SS,アップダウンパット(小)箱蝶 15×7.3 5ペア,5ペア,商品名_JA,5ペア,PDF p.156
826-562,アップダウンパット(大)箱蝶 18×9,5ペア,PDF抽出メモ,5ペア,PDF p.156
826-562SS,アップダウンパット(大)箱蝶 18×9 5ペア,5ペア,商品名_JA,5ペア,PDF p.156
827-563SS,ガード二本足(小型)W 5ペア,5ペア,商品名_JA,5ペア,
828-B-36,ビーバ(ブルー)36 ケーブル+バンドタイプ,36ヶ,商品名_JA,36 ヶ,
828-B-38,ビーバ(ブルー)38 ケーブル+バンドタイプ,38ヶ,商品名_JA,38 ヶ,
828-P-36,ビーバ(ピンク)36 ケーブル+バンドタイプ,36ヶ,商品名_JA,36 ヶ,
828-P-38,ビーバ(ピンク)38 ケーブル+バンドタイプ,38ヶ,商品名_JA,38 ヶ,
840-A,メガネブク ハンディスプレー(くもりどめ)50ヶ入,50ヶ,商品名_JA,50ヶ入,PDF p.173
840,メガネブク ハンディスプレー(くもりどめ)12ヶ入,12ヶ,商品名_JA,12ヶ入,PDF p.173
841-A,メガネブク ハンディスプレー(クリーナー)50ヶ入,50ヶ,商品名_JA,50ヶ入,PDF p.169
841,メガネブク ハンディスプレー(クリーナー)12ヶ入,12ヶ,商品名_JA,12ヶ入,PDF p.169
859,ヤットコ,6ヶ,PDF抽出メモ,6ヶ入,PDF p.211
859-A,ヤットコ先ビニール(6ケ入),6ヶ,商品名_JA,6ヶ入,PDF p.211
867,レンズメーター用印点インク(白)壺式用,0枚,PDF抽出メモ,000枚入,PDF p.257
883,βチタンネジセット(ゆるみ止め付),15本,PDF抽出メモ,15本,PDF p.118
883-605,βチタンネジ(ゆるみ止付) 1.0×3.8,15本,PDF抽出メモ,15本,PDF p.118
883-606,βチタンネジ(ゆるみ止付) 1.2×3.8,15本,PDF抽出メモ,15本,PDF p.118
883-607,βチタンネジ(ゆるみ止付) 1.4×2.0,15本,PDF抽出メモ,15本,PDF p.118
883-608,βチタンネジ(ゆるみ止付) 1.4×2.5,15本,PDF抽出メモ,15本,PDF p.118
883-609,βチタンネジ(ゆるみ止付) 1.4×3.0,15本,PDF抽出メモ,15本,PDF p.118
883-610,βチタンネジ(ゆるみ止付) 1.4×3.5,15本,PDF抽出メモ,15本,PDF p.118
883-611,βチタンネジ(ゆるみ止付) 1.4×4.0,15本,PDF抽出メモ,15本,PDF p.118
883-612,βチタンネジ(ゆるみ止付) 1.4×4.5,15本,PDF抽出メモ,15本,PDF p.118
886,パーツケース(一体型),1ヶ,PDF抽出メモ,1ヶ,PDF p.134
888-4C,メガロックV(4色アソートセット),2ペア,PDF抽出メモ,2ペア入,PDF p.151
888-PK,メガロックV(ピンク),2ペア,PDF抽出メモ,2ペア入,PDF p.151
894N1,メガネクリンビュープラス12個,12個,商品名_JA,12個,PDF p.173
894N1-A,メガネクリンビュープラス60個,60個,商品名_JA,60個,PDF p.173
895N1,メガネクリンビュープラス(レンズ汚れクリーナー)12個,12個,商品名_JA,12個,PDF p.168
895N1-A,メガネクリンビュープラス 徳用(レンズ汚れクリーナー)60個,60個,商品名_JA,60個,PDF p.168
900,アゴ紙,0枚,PDF抽出メモ,000枚入,"PDF p.257,333"
901-A,レンズロックテープ・セキュアエッジ(10シート、100ヶ入),100ヶ,商品名_JA,100ヶ入,PDF p.322
901-B,レンズロックテープ・セキュアエッジ(1ロール、1000ヶ入),1000ヶ,商品名_JA,1000ヶ入,PDF p.322
902-A,レンズロックテープ・セキュアエッジ(10シート、100ヶ入),100ヶ,商品名_JA,100ヶ入,PDF p.322
902-B,レンズロックテープ・セキュアエッジ(1ロール、1000ヶ入),1000ヶ,商品名_JA,1000ヶ入,PDF p.322
917-A,メガネソフトケースお徳用25ヶ入り,25ヶ,商品名_JA,25ヶ入,PDF p.176
922-A,レンズロックテープ(10シート、100ヶ入),100ヶ,商品名_JA,100ヶ入,PDF p.323
922-B,レンズロックテープ(1ロール、1000ヶ入),1000ヶ,商品名_JA,1000ヶ入,PDF p.323
923-A,レンズロックテープ(10シート、100ヶ入),100ヶ,商品名_JA,100ヶ入,PDF p.322
923-B,レンズロックテープ(1ロール、1000ヶ入),1000ヶ,商品名_JA,1000ヶ入,PDF p.322
927-B,プロテクトフィルムテープ18mm×100m,8本,PDF抽出メモ,8本入,PDF p.195
929-2,ハイカーブグラス体験用パーツ(フレーム),1ヶ,PDF抽出メモ,1ヶ,PDF p.271
929-3,ハイカーブグラス体験用パーツ(HCリング),1ペア,PDF抽出メモ,1 ペア,PDF p.271
929-4,ハイカーブグラス体験用パーツ(Cリング),1ペア,PDF抽出メモ,1 ペア,PDF p.271
929-5,ハイカーブグラス体験用パーツ(軸度計),1ペア,PDF抽出メモ,1 ペア,PDF p.271
929-6,ハイカーブグラス体験用パーツ(ケース),1ペア,PDF抽出メモ,1 ペア,PDF p.271
929-A,ハイカーブグラス体験用セット3ペア,3ペア,商品名_JA,3ペア,PDF p.271
929-B,ハイカーブグラス体験用セット6ペア,6ペア,商品名_JA,6ペア,PDF p.271
929-C,ハイカーブグラス体験用セット10ペア,10ペア,商品名_JA,10ペア,PDF p.271
930,遠近Vパット12ペア(ディスプレイ),12ペア,商品名_JA,12ペア,PDF p.156
930-A,遠近Vパット1ペア(ネジ式),1ペア,商品名_JA,1ペア,PDF p.156
930-B,遠近Vパット10ペア(ネジ式・お徳用),10ペア,商品名_JA,10ペア,PDF p.156
930-C,遠近Vパット1ペア(ワンタッチ式),1ペア,商品名_JA,1ペア,PDF p.156
930-D,遠近Vパット10ペア(ワンタッチ式・お徳用),10ペア,商品名_JA,10ペア,PDF p.156
930-E,遠近Vパット 5ペア(ネジ式)ディスプレイ,5ペア,商品名_JA,5ペア,PDF p.156
931,セミオーダーオリジナルクリーナー180本,180本,商品名_JA,180本,PDF p.169
937-1,No.937ヤットコ先プラスチック(1組中1ヶ分),1組,商品名_JA,1組,
944,ドライバーグリップ単品,1個,PDF抽出メモ,1個,"PDF p.225,226"
945-A,プライスタグA(100枚入),100枚,商品名_JA,100枚入,PDF p.351
945-B,プライスタグB(100枚入),100枚,商品名_JA,100枚入,PDF p.351
945-C,プライスタグC(100枚入),100枚,商品名_JA,100枚入,PDF p.351
945-D,プライスタグD(100枚入),100枚,商品名_JA,100枚入,PDF p.351
946-A,プライスホルダー(ノンコピー)A(100枚入),100枚,商品名_JA,100枚入,PDF p.351
946-B,プライスホルダー(ノンコピー)B(100枚入),100枚,商品名_JA,100枚入,PDF p.351
946-C,プライスホルダー(ノンコピー) C(100枚入),100枚,商品名_JA,100枚入,PDF p.351
946-D,プライスホルダー (ノンコピー)D(100枚入),100枚,商品名_JA,100枚入,PDF p.351
950-675,±ハイブリッドボルトW1.4×2.0,30本,PDF抽出メモ,30本,"PDF p.120,121"
950-676,±ハイブリッドボルトW1.4×2.5,30本,PDF抽出メモ,30本,"PDF p.120,121"
950-676A,±ハイブリッドボルトW(100本入),100本,商品名_JA,100本入,
950-676B,±ハイブリッドボルトW(300本入),300本,商品名_JA,300本入,
950-676C,±ハイブリッドボルトW(1000本入),1000本,商品名_JA,1000本入,
950-677,±ハイブリッドボルトW1.4×2.7,30本,PDF抽出メモ,30本,"PDF p.120,121"
950-677A,±ハイブリッドボルトW(100本入),100本,商品名_JA,100本入,
950-677B,±ハイブリッドボルトW(300本入),300本,商品名_JA,300本入,
950-677C,±ハイブリッドボルトW(1000本入),1000本,商品名_JA,1000本入,
950-678,±ハイブリッドボルトW1.4×3.0,30本,PDF抽出メモ,30本,"PDF p.120,121"
950-678A,±ハイブリッドボルトW(100本入),100本,商品名_JA,100本入,
950-678B,±ハイブリッドボルトW(300本入),300本,商品名_JA,300本入,
950-678C,±ハイブリッドボルトW(1000本入),1000本,商品名_JA,1000本入,
950-680,±ハイブリッドボルトW1.4×3.5,30本,PDF抽出メモ,30本,"PDF p.120,121"
950-680A,±ハイブリッドボルトW(100本入),100本,商品名_JA,100本入,
950-680B,±ハイブリッドボルトW(300本入),300本,商品名_JA,300本入,
950-680C,±ハイブリッドボルトW(1000本入),1000本,商品名_JA,1000本入,
950-681,±ハイブリッドボルトW1.4×3.7,30本,PDF抽出メモ,30本,"PDF p.120,121"
950-682,±ハイブリッドボルトW1.4×4.0,30本,PDF抽出メモ,30本,"PDF p.120,121"
950-682A,±ハイブリッドボルトW(100本入),100本,商品名_JA,100本入,
950-682B,±ハイブリッドボルトW(300本入),300本,商品名_JA,300本入,
950-682C,±ハイブリッドボルトW(1000本入),1000本,商品名_JA,1000本入,
951-685,±OSハイブリッドロックW1.4×2.4,10本,PDF抽出メモ,10本,"PDF p.120,121"
951-685A,±OSハイブリッドロックW(100本入),100本,商品名_JA,100本入,
951-685B,±OSハイブリッドロックW(300本入),300本,商品名_JA,300本入,
951-685S,±OSハイブリッドロックW(50本入),50本,商品名_JA,50本入,
951-686,±OSハイブリッドロックW1.4×2.8,10本,PDF抽出メモ,10本,"PDF p.120,121"
951-686A,±OSハイブリッドロックW(100本入),100本,商品名_JA,100本入,
951-686B,±OSハイブリッドロックW(300本入),300本,商品名_JA,300本入,
951-686S,±OSハイブリッドロックW(50本入),50本,商品名_JA,50本入,
951-687,±OSハイブリッドロックW1.4×3.2,10本,PDF抽出メモ,10本,"PDF p.120,121"
951-687A,±OSハイブリッドロックW(100本入),100本,商品名_JA,100本入,
951-687B,±OSハイブリッドロックW(300本入),300本,商品名_JA,300本入,
951-687S,±OSハイブリッドロックW(50本入),50本,商品名_JA,50本入,
951-688,±OSハイブリッドロックW1.4×3.6,10本,PDF抽出メモ,10本,"PDF p.120,121"
951-688A,±OSハイブリッドロックW(100本入),100本,商品名_JA,100本入,
951-688B,±OSハイブリッドロックW(300本入),300本,商品名_JA,300本入,
951-688S,±OSハイブリッドロックW(50本入),50本,商品名_JA,50本入,
951-689,±OSハイブリッドロックW1.4×4.0,10本,PDF抽出メモ,10本,"PDF p.120,121"
951-689A,±OSハイブリッドロックW(100本入),100本,商品名_JA,100本入,
951-689B,±OSハイブリッドロックW(300本入),300本,商品名_JA,300本入,
951-689S,±OSハイブリッドロックW(50本入),50本,商品名_JA,50本入,
952,メガネのくもり止めクロス3枚入,3枚,商品名_JA,3枚入,PDF p.171
956-L,セルシールMミニ L 2.5mm 10組,10組,商品名_JA,10組,PDF p.154
956-LL,セルシ-ルMミニ LL 3.0mm 10組,10組,商品名_JA,10組,PDF p.154
956-M,セルシールMミニ M 1.8mm 10組,10組,商品名_JA,10組,PDF p.154
957-695,±OSハイブリッドロックG1.4×2.4,9本,PDF抽出メモ,9本,"PDF p.120,121"
957-696,±OSハイブリッドロックG1.4×2.8,9本,PDF抽出メモ,9本,"PDF p.120,121"
957-697,±OSハイブリッドロックG1.4×3.2,9本,PDF抽出メモ,9本,"PDF p.120,121"
957-698,±OSハイブリッドロックG1.4×3.6,9本,PDF抽出メモ,9本,"PDF p.120,121"
957-699,±OSハイブリッドロックG1.4×4.0,9本,PDF抽出メモ,9本,"PDF p.120,121"
965G,丁番座金パーツセット8種(グラファイト),10ヶ,PDF抽出メモ,10ヶ,PDF p.128
974-A,レンズ保護テープ 粘着強力(10シート、100ヶ入),100ヶ,商品名_JA,100ヶ入,PDF p.324
974-B,レンズ保護テープ 粘着強力(1ロール、1000ヶ入),1000ヶ,商品名_JA,1000ヶ入,PDF p.324
975-A,パーツケース(分割型)小,1ヶ,PDF抽出メモ,1ヶ,PDF p.134
975-A20,パーツケース(分割型)小お徳用,1ヶ,PDF抽出メモ,1ヶ,PDF p.134
975-B,パーツケース(分割型)中,1ヶ,PDF抽出メモ,1ヶ,PDF p.134
975-C,パーツケース(分割型)大,1ヶ,PDF抽出メモ,1ヶ,PDF p.134
976,アンチーフォグ アルファ くもり止め 24個入,24個,商品名_JA,24個入,PDF p.172
976-A,アンチーフォグ アルファ くもり止め 単品,1本,PDF抽出メモ,1本入,PDF p.172
979,太目ネジセットW,10本,PDF抽出メモ,10本,PDF p.118
979-716,太目ネジW 1.42×2.3,10本,PDF抽出メモ,10本,PDF p.118
979-717,太目ネジW 1.42×2.5,10本,PDF抽出メモ,10本,PDF p.118
979-718,太目ネジW 1.42×2.8,10本,PDF抽出メモ,10本,PDF p.118
979-719,太目ネジW 1.42×3.0,10本,PDF抽出メモ,10本,PDF p.118
979-720,太目ネジW 1.42×3.3,10本,PDF抽出メモ,10本,PDF p.118
979-721,太目ネジW 1.42×4.5,10本,PDF抽出メモ,10本,PDF p.118
986-A,ワイドカップ強力テープ NIDEK(100枚入),100枚,商品名_JA,100枚入,PDF p.330
986-B,ワイドカップ強力テープ NIDEK(100枚入×10袋),100枚,商品名_JA,100枚入,PDF p.330
986-C,ワイドカップ強力テープ (1000枚/ロール),1000枚,商品名_JA,1000枚,PDF p.330
993-A,ハイルック プチスリム(くもり止め)10本入,10本,商品名_JA,10本入,PDF p.173
994-A,ハイルック プチスリム(よごれ落とし)10本入,10本,商品名_JA,10本入,PDF p.168
995,ARパッド,1ペア,PDF抽出メモ,1ペア,PDF p.158
995-A,ARパッド お徳用(50ペア),50ペア,商品名_JA,(50ペア),PDF p.158
996-1,No.996ヤットコ先プラスチック(1組中1ヶ分),1組,商品名_JA,1組,
1003,グリップゴムシート,1枚,PDF抽出メモ,1枚入,PDF p.195
1007-Q,水性カラーリペア(チョコレート)マット,10本,PDF抽出メモ,10本入,PDF p.292
1007-R,水性カラーリペア(ワインレッド)マット,10本,PDF抽出メモ,10本入,PDF p.292
1007-Z,ハケのみ(10本入り) 748兼用,10本,商品名_JA,10本入,PDF p.292
1013,ナイロール面とりヤスリ(三角),6本,PDF抽出メモ,6本入,PDF p.242
1015-M,メガネパッケージケースM 5枚入,5枚,商品名_JA,5枚入,PDF p.176
1015-S,メガネパッケージケースS 5枚入,5枚,商品名_JA,5枚入,PDF p.176
1016-C,コーティングスポンジ 1ヶ,1ヶ,商品名_JA,1ヶ,
1021-A,サンメガ除菌PHMB ハンディスプレー3本入,3本,商品名_JA,3本入,
1023,ネジとーる(+),1本,PDF抽出メモ,1本,"PDF p.234,289"
1023-A,ネジとーる(+)交換用ビット,1本,PDF抽出メモ,1本,"PDF p.234,289"
1025,鼻盛パッドセット,2組,PDF抽出メモ,2組,PDF p.102
1027,シャーペンダイヤモンドヤスリ,6本,PDF抽出メモ,6本入,PDF p.242
1027-A,シャーペンダイヤモンドヤスリ用ヤスリのみ,1本,PDF抽出メモ,1本,PDF p.242
1029,ヤットコ滑り止めシール,3本,PDF抽出メモ,1袋3本入,PDF p.194
1035-CR,クラフトギフトバッグ50枚,50枚,商品名_JA,50枚,"PDF p.347,355"
1035-MO,モノクロギフトバッグ50枚,50枚,商品名_JA,50枚,"PDF p.347,355"
1036,耐水ペーパー アソートセット(各2枚×8種),2枚,商品名_JA,2枚,PDF p.302
1036-400,耐水ペーパー #400 10枚入,10枚,商品名_JA,10枚入,
1036-500,耐水ペーパー #500 10枚入,10枚,商品名_JA,10枚入,
1036-600,耐水ペーパー #600 10枚入,10枚,商品名_JA,10枚入,
1036-800,耐水ペーパー #800 10枚入,10枚,商品名_JA,10枚入,
1036-1000,耐水ペーパー #1000 10枚入,10枚,商品名_JA,10枚入,
1036-1200,耐水ペーパー #1200 10枚入,10枚,商品名_JA,10枚入,
1036-1500,耐水ペーパー #1500 10枚入,10枚,商品名_JA,10枚入,
1036-2000,耐水ペーパー #2000 10枚入,10枚,商品名_JA,10枚入,
1037-A,フレキシブルサンドペーパーアソートセット(各1枚×10種),1枚,商品名_JA,1枚,"PDF p.300,302"
1037-A-360,フレキシブルサンドペーパー#360 5枚入ターコイズブルー,5枚,商品名_JA,5枚入,
1037-A-500,フレキシブルサンドペーパー#500 5枚入スカイブルー,5枚,商品名_JA,5枚入,
1037-A-600,フレキシブルサンドペーパー#600 5枚入ライトブルー,5枚,商品名_JA,5枚入,
1037-A-800,フレキシブルサンドペーパー#800 5枚入イエロー,5枚,商品名_JA,5枚入,
1037-A-1000,フレキシブルサンドペーパー#1000 5枚入ライトグリーン,5枚,商品名_JA,5枚入,
1037-A-1200,フレキシブルサンドペーパー#1200 5枚入オレンジ,5枚,商品名_JA,5枚入,
1037-A-1500,フレキシブルサンドペーパー#1500 5枚入ピンク,5枚,商品名_JA,5枚入,
1037-A-2000,フレキシブルサンドペーパー#2000 5枚入ライトグレー,5枚,商品名_JA,5枚入,
1037-A-2500,フレキシブルサンドペーパー#2500 5枚入ブルーグレー,5枚,商品名_JA,5枚入,
1037-A-3000,フレキシブルサンドペーパー#3000 5枚入ダークグレー,5枚,商品名_JA,5枚入,
1037-B,フレキシブルサンドペーパー用パッド,1枚,PDF抽出メモ,1枚入,"PDF p.300,302"
1037-HS,ワンショットポリッシャーハード&ハンディバフセット,10枚,PDF抽出メモ,10枚入,PDF p.302
1038,クビフリー25組入,25組,商品名_JA,25組入,PDF p.159
1038-A,クビフリー50組入,50組,商品名_JA,50組入,PDF p.159
1040,E・P(アイポイント)シール10枚入,10枚,商品名_JA,10枚入,PDF p.251
1040-S,E・P(アイポイント)シール50枚,50枚,商品名_JA,50枚,PDF p.251
1040-A,E・P(アイポイント)シール100枚,100枚,商品名_JA,100枚,PDF p.251
1041,トルディ,1枚,PDF抽出メモ,1袋1枚入,PDF p.174
1043-BK,メガロックバランス(ブラック),8ペア,PDF抽出メモ,1箱8ペア入,PDF p.150
1043-BE,メガロックバランス(ベージュ),8ペア,PDF抽出メモ,1箱8ペア入,PDF p.150
1043-GL,メガロックバランス(グレー),8ペア,PDF抽出メモ,1箱8ペア入,PDF p.150
1049-A,セーム革 鹿革眼鏡拭き 12×12cm,1枚,PDF抽出メモ,1袋1枚入,PDF p.174
1049-B,セーム革 鹿革眼鏡拭き 20×20cm,1枚,PDF抽出メモ,1袋1枚入,PDF p.174
1050,フレームコートセット (6本入),6本,商品名_JA,6本入,PDF p.180
1050-A,フレームコート 単品,6本,PDF抽出メモ,6本入,PDF p.180
1053,ヤットコ,2本,PDF抽出メモ,2本,PDF p.9 / カタログP.126
1054,ヤットコ,2本,PDF抽出メモ,2本,PDF p.9 / カタログP.126
1062-3,優眠 パッド,1個,PDF抽出メモ,1個,PDF p.180
1062-4,優眠 テンプル(メガロック付き),1ペア,PDF抽出メモ,1ペア,PDF p.180
1062-6,優眠 ケース,1個,PDF抽出メモ,1個,PDF p.180
1091,泡ピュア 眼鏡クリーナー(18本入),18本,商品名_JA,18本入,PDF p.168
1367-01,ナイロンレール(T字型)セルフレーム用 2m,20本,PDF抽出メモ,20本入,PDF p.135
1367-01-L,ナイロンレール T字型セルフレーム用お徳用(40cm10本),10本,商品名_JA,10本,PDF p.135
1367-01-S,ナイロンレール(T字型)セルフレーム用 50cm,1本,PDF抽出メモ,1 本,PDF p.135
1510-1,先プラスティック(1ヶ),1ヶ,商品名_JA,(1ヶ),
1511-1,先プラスティック(1組中1ヶ分),1組,商品名_JA,1組,
1539-1,先プラスティック(1ヶ),1ヶ,商品名_JA,(1ヶ),
1551-1,先プラスティック(1組中1ヶ分),1組,商品名_JA,1組,
1553-1,先プラスティック(1組中1ヶ分),1組,商品名_JA,1組,
1558-1,先プラスティック(1ヶ),1ヶ,商品名_JA,(1ヶ),
1596-1,先プラスティック(1ヶ),1ヶ,商品名_JA,(1ヶ),
1691-1,チェンジネジ抜きドライバー柄丈,1本,PDF抽出メモ,1本入,PDF p.234
1691-13,チェンジネジ抜きドライバー先丈(1.3mm),1本,PDF抽出メモ,1本入,PDF p.234
1691-15,チェンジネジ抜きドライバー先丈(1.5mm),1本,PDF抽出メモ,1本入,PDF p.234
1691,チェンジネジ抜きドライバー(2本入),2本,商品名_JA,2本入,PDF p.234
1693M-A,レンズロックテープ小型(10シート、100ヶ入),100ヶ,商品名_JA,100ヶ入,PDF p.323
1693M-B,レンズロックテープ小型(1ロール、1000ヶ入),1000ヶ,商品名_JA,1000ヶ入,PDF p.323
1695M-A,レンズロックテープ(10シート、100ヶ入),100ヶ,商品名_JA,100ヶ入,PDF p.323
1695M-B,レンズロックテープ(1ロール、1000ヶ入),1000ヶ,商品名_JA,1000ヶ入,PDF p.323
1695M-C,レンズロックテープ(1ロール、2000ヶ入),100ヶ,PDF抽出メモ,100ヶ入,PDF p.323
1696M-A,レンズロックテープ小型(10シート、100ヶ入),100ヶ,商品名_JA,100ヶ入,PDF p.323
1696M-B,レンズロックテープ(1ロール、1000ヶ入),1000ヶ,商品名_JA,1000ヶ入,PDF p.323
1701M-A,レンズロックテープ(10シート、100ヶ入),100ヶ,商品名_JA,100ヶ入,PDF p.323
1701M-B,レンズロックテープ(1ロール、1000ヶ入),1000ヶ,商品名_JA,1000ヶ入,PDF p.323
1711-1,(-)チェンジドライバー柄丈,1本,PDF抽出メモ,1本入,PDF p.233
1711-10,先のみ(-)1.0mm 1本入,1本,商品名_JA,1本入,PDF p.233
1711-14,先のみ(-)1.4mm 1本入,1本,商品名_JA,1本入,PDF p.233
1711-18,先のみ(-)1.8mm 1本入,1本,商品名_JA,1本入,PDF p.233
1711-23,先のみ(-)2.3mm 1本入,1本,商品名_JA,1本入,PDF p.233
1712NR-A,レンズロックテープ(10シート、100ヶ入),100ヶ,商品名_JA,100ヶ入,PDF p.323
1712NR-B,レンズロックテープ(1ロール、1000ヶ入),1000ヶ,商品名_JA,1000ヶ入,PDF p.323
1717-20,ドライバー先丈 (+)2.0mm,1本,PDF抽出メモ,1本入,PDF p.233
1742,黒柄ナット廻し(六角),1本,PDF抽出メモ,1本入,PDF p.233
1743,黒柄ドライバーナット廻し(花型),1本,PDF抽出メモ,1本入,PDF p.233
1801-50,ダイヤモンドヤスリセット(10本入),10本,商品名_JA,10本入,PDF p.240
1868N,三面ヤスリ,3本,PDF抽出メモ,3本入,PDF p.241
2050,リーマ-セット(12本入),12本,商品名_JA,12本入,PDF p.242
2053,リーマ-セット(6本入),6本,商品名_JA,6本入,PDF p.242
2073-10-1,溝堀、セル削り部品 ボルト,1本,PDF抽出メモ,1本,PDF p.242
2073-10-2,溝堀、セル削り部品 虫ネジ,1本,PDF抽出メモ,1本,PDF p.242
6003,チェンジドライバー(1.5mm),16本,PDF抽出メモ,16本入,PDF p.232
6004,チェンジドライバー(2.0mm),16本,PDF抽出メモ,16本入,PDF p.232
6005,チェンジドライバー(2.5mm),10本,PDF抽出メモ,10本入,PDF p.232
6200,切込ドライバーセット,6本,PDF抽出メモ,6本入,PDF p.235
E161522125,アクニス 25 レンズ単品(1ペア),1ペア,商品名_JA,(1ペア),
E161522150,アクニス 50 レンズ単品(1ペア),1ペア,商品名_JA,(1ペア),
E161522175,アクニス 75 レンズ単品(1ペア),1ペア,商品名_JA,(1ペア),
E1619,トライアル用アダプター(2枚セット),2枚,商品名_JA,2枚,PDF p.398
E1622,コレクションレンズ取り付け用リング(2枚),2枚,商品名_JA,(2枚),PDF p.398
GC003-1,チェーンゴム輪のみ小(透明) 10ヶ入 内径7.8mm,10ヶ,商品名_JA,10ヶ入,PDF p.193
GC003-2,チェーンゴム輪のみ大(透明) 10ヶ入 内径9.8mm,10ヶ,商品名_JA,10ヶ入,PDF p.193
GC003-3,チェーンゴム輪のみ特大(透明) 10ヶ入 内径11.0mm,10ヶ,商品名_JA,10ヶ入,PDF p.193
GC003-G,チェーンゴム輪(金具 金) 10ヶ入,10ヶ,商品名_JA,10ヶ入,PDF p.193
GC003-G-1,チェーン丸管のみ(金)10ヶ入,10ヶ,商品名_JA,10ヶ入,PDF p.193
GC003-W,チェーンゴム輪(金具 銀) 10ヶ入,10ヶ,商品名_JA,10ヶ入,PDF p.193
GC003-W-1,チェーン丸管のみ(銀)10ヶ入,10ヶ,商品名_JA,10ヶ入,PDF p.193
GC004,チェーンゴム輪(黒 カシメタイプ) 10ヶ入,10ヶ,商品名_JA,10ヶ入,PDF p.193
M700-L,M700/800用フェミミ イヤーチップ L1組,1組,商品名_JA,1組,PDF p.183
M700-M,M700/800用フェミミ イヤーチップ M1組,1組,商品名_JA,1組,PDF p.183
M700-S,M700/800用フェミミ イヤーチップ S1組,1組,商品名_JA,1組,PDF p.183
M700-XS,M700/800用フェミミ イヤーチップ XS1組,1組,商品名_JA,1組,PDF p.183
MC580U-PRO-LO,万能トライアル・フレームMC(試験枠)Univ ユニブプロ リム下開きタイプ,1組,PDF抽出メモ,1組入,PDF p.260
N31001-3372,レンズメータ用汎用印点カートリッジ(青)3本入,3本,商品名_JA,3本入,"PDF p.256,332"
N40340-M984,LE フィーラ右,3本,PDF抽出メモ,3本入,PDF p.332
N40350-1910,排水アダプター(ドレン径φ50用),10個,PDF抽出メモ,10個入,PDF p.329
N40350-M372,ME用エンドミル/0.8mm(10本/セット),10本,商品名_JA,10本,PDF p.332
N40360-M103,ME用エンドミル/1.0mm(10本/セット),10本,商品名_JA,10本,PDF p.332
N40370-M091,レンズ加工保護シール1000枚/ロール,1000枚,商品名_JA,1000枚,PDF p.330
N40370-M092,レンズ加工保護シール(後面用)1000枚/ロール,1000枚,商品名_JA,1000枚,PDF p.330
N40370-M093,レンズ加工保護シール100枚/袋,100枚,商品名_JA,100枚,PDF p.330
N40377-M061,ストッキングフィルター(20枚入),20枚,商品名_JA,20枚入,PDF p.329
N40380-M171,鏡面砥石用コンパウンド用パッド10枚,10枚,商品名_JA,10枚,PDF p.331
N41091-M601,LEXCE用仕上げ用ドレス棒,10枚,PDF抽出メモ,10枚入,PDF p.331
N44001-1910,排水アダプター(ドレン径φ75用),5枚,PDF抽出メモ,5枚入,PDF p.329
N44730-0210,Lfu用カスバケット(10個入),10個,商品名_JA,10個入,PDF p.329
N44730-0310,Lfu用フィルター(5枚入),5枚,商品名_JA,5枚入,PDF p.329
N44730-0320,Lfu用フィルター(30枚入),30枚,商品名_JA,30枚入,PDF p.329
NLE021-1910,排水アダプタ (ドレン径φ75/LEXCE用),5枚,PDF抽出メモ,5枚入,PDF p.329
PP18-1911,提札(糸付) 金箔 500枚入,500枚,商品名_JA,500枚入,PDF p.354
PP18-1922,提札(糸付) 金箔 500枚入,500枚,商品名_JA,500枚入,PDF p.354
PP50-3110,ギフトバッグ(角底袋)クリスタルピンク 100枚入,100枚,商品名_JA,100枚入,PDF p.354
PP50-3111,ギフトバッグ(角底袋)クリスタルブルー 100枚入,100枚,商品名_JA,100枚入,PDF p.354
PP50-3410,ギフトバッグ(角底袋)クリスタルピンク 100枚入,100枚,商品名_JA,100枚入,PDF p.354
PP50-3411,ギフトバッグ(角底袋)クリスタルブルー 100枚入,100枚,商品名_JA,100枚入,PDF p.354
PP50-3710,ギフトバッグ(角底袋)クリスタルピンク 100枚入,100枚,商品名_JA,100枚入,PDF p.354
PP50-3711,ギフトバッグ(角底袋)クリスタルブルー 100枚入,100枚,商品名_JA,100枚入,PDF p.354
PP50-5910,手提げバッグ 赤25枚入,25枚,商品名_JA,25枚入,"PDF p.347,355"
PP50-5911,手提げバッグ 緑25枚入,25枚,商品名_JA,25枚入,"PDF p.347,355"
PP50-5912,手提げバッグ 紺25枚入,25枚,商品名_JA,25枚入,"PDF p.347,355"
PP50-5913,手提げバッグ 白無地25枚入,25枚,商品名_JA,25枚入,"PDF p.347,355"
PP50-5914,手提げバッグ 茶無地25枚入,25枚,商品名_JA,25枚入,"PDF p.347,355"
PPH-10-16.5,マルチフクロ(ヘッダー・テープ付)(467) 100枚入,100枚,商品名_JA,100枚入,
PPH-11-18,マルチフクロ(ヘッダー・テープ付)(469) 100枚入,100枚,商品名_JA,100枚入,PDF p.356
PPH-12-20,マルチフクロ(ヘッダー・テープ付)(470) 100枚入,100枚,商品名_JA,100枚入,PDF p.356
PPH-12-23,マルチフクロ(ヘッダー・テープ付)(484) 100枚入,100枚,商品名_JA,100枚入,PDF p.356
PPH-13-24,マルチフクロ(ヘッダー・テープ付)(485) 100枚入,100枚,商品名_JA,100枚入,PDF p.356
PPH-15-25,マルチフクロ(ヘッダー・テープ付)(486) 100枚入,100枚,商品名_JA,100枚入,PDF p.356
PPH-4-8,マルチフクロ(ヘッダー・テープ付)(450) 100枚入,100枚,商品名_JA,100枚入,PDF p.356
PPH-5.5-16,マルチフクロ(ヘッダー・テープ付)(456) 100枚入,100枚,商品名_JA,100枚入,
PPH-5-8,マルチフクロ(ヘッダー・テープ付)(454) 100枚入,100枚,商品名_JA,100枚入,PDF p.356
PPH-7-10,マルチフクロ(ヘッダー・テープ付)(460) 100枚入,100枚,商品名_JA,100枚入,PDF p.356
PPH-7-22,マルチフクロ(ヘッダー・テープ付)(461) 100枚入,100枚,商品名_JA,100枚入,PDF p.356
PPH-9-13,マルチフクロ(ヘッダー・テープ付)(465) 100枚入,100枚,商品名_JA,100枚入,PDF p.356
PPS-10.5-15.5,マルチフクロ(サイドシール)214 ハガキ 100枚入,100枚,商品名_JA,100枚入,
PPS-10-15,マルチフクロ(サイドシール)640 100枚入,100枚,商品名_JA,100枚入,PDF p.356
PPS-10-21,マルチフクロ(サイドシール)643 100枚入,100枚,商品名_JA,100枚入,PDF p.356
PPS-11-17,マルチフクロ(サイドシール)667 100枚入,100枚,商品名_JA,100枚入,PDF p.356
PPS-12-18,マルチフクロ(サイドシール)676 100枚入,100枚,商品名_JA,100枚入,PDF p.356
PPS-12-23,マルチフクロ(サイドシール)677 100枚入,100枚,商品名_JA,100枚入,PDF p.356
PPS-14-26,マルチフクロ(サイドシール)690 100枚入,100枚,商品名_JA,100枚入,PDF p.356
PPS-30-45,マルチフクロ(サイドシール)231 100枚入,100枚,商品名_JA,100枚入,PDF p.356
PPS-4-8,マルチフクロ(サイドシール)684 100枚入,100枚,商品名_JA,100枚入,PDF p.356
PPS-5-8,マルチフクロ(サイドシール)651 100枚入,100枚,商品名_JA,100枚入,PDF p.356
PPS-8-17,マルチフクロ(サイドシール)634 100枚入,100枚,商品名_JA,100枚入,PDF p.356
PPS-8-25,マルチフクロ(サイドシール)635 100枚入,100枚,商品名_JA,100枚入,PDF p.356
PPS-A-4,マルチフクロ(サイドシール)693 A4 100枚入,100枚,商品名_JA,100枚入,PDF p.356
PPS-A-5,マルチフクロ(サイドシール)660 A5 100枚入,100枚,商品名_JA,100枚入,PDF p.356
PPS-B-4,マルチフクロ(サイドシール)683 B4 100枚入,100枚,商品名_JA,100枚入,PDF p.356
PPS-B-5,マルチフクロ(サイドシール)682 B5 100枚入,100枚,商品名_JA,100枚入,PDF p.356
PPT-10.5-15.5,マルチフクロ(テープ付)548 ハガキ 100枚入,100枚,商品名_JA,100枚入,
PPT-10-15,マルチフクロ(テープ付)564 100枚入,100枚,商品名_JA,100枚入,PDF p.356
PPT-10-23,マルチフクロ(テープ付)590 100枚入,100枚,商品名_JA,100枚入,PDF p.356
PPT-11-16,マルチフクロ(テープ付)541 100枚入,100枚,商品名_JA,100枚入,PDF p.356
PPT-12-18,マルチフクロ(テープ付)597 100枚入,100枚,商品名_JA,100枚入,PDF p.356
PPT-12-23,マルチフクロ(テープ付)542 100枚入,100枚,商品名_JA,100枚入,PDF p.356
PPT-14-26,マルチフクロ(テープ付)550 100枚入,100枚,商品名_JA,100枚入,PDF p.356
PPT-30-46,マルチフクロ(テープ付)582 100枚入,100枚,商品名_JA,100枚入,PDF p.356
PPT-4-8,マルチフクロ(テープ付)545 100枚入,100枚,商品名_JA,100枚入,PDF p.356
PPT-5-8,マルチフクロ(テープ付)535 100枚入,100枚,商品名_JA,100枚入,PDF p.356
PPT-8-18,マルチフクロ(テープ付)560 100枚入,100枚,商品名_JA,100枚入,PDF p.356
PPT-8-25,マルチフクロ(テープ付)561 100枚入,100枚,商品名_JA,100枚入,PDF p.356
PPT-A-4,マルチフクロ(テープ付)553 A4 100枚入,100枚,商品名_JA,100枚入,PDF p.356
PPT-A-5,マルチフクロ(テープ付)574 A5 100枚入,100枚,商品名_JA,100枚入,PDF p.356
PPT-B-4,マルチフクロ(テープ付)554 B4 100枚入,100枚,商品名_JA,100枚入,PDF p.356
PPT-B-5,マルチフクロ(テープ付)551 B5 100枚入,100枚,商品名_JA,100枚入,PDF p.356
PR41-MX,補聴器用空気電池(312) 6ヶ入マクセル,6ヶ,商品名_JA,6ヶ入,PDF p.183
PR44-MX,補聴器用空気電池(675) 6ヶ入マクセル,6ヶ,商品名_JA,6ヶ入,PDF p.183
PR48-MX,補聴器用空気電池(13) 6ヶ入マクセル,6ヶ,商品名_JA,6ヶ入,PDF p.183
PR536-MX,補聴器用空気電池(10) 6ヶ入マクセル,6ヶ,商品名_JA,6ヶ入,PDF p.183
PR41-P,補聴器用空気電池 (312) 6ヶ入 パワーワン,6ヶ,商品名_JA,6ヶ入,PDF p.183
PR44-P,補聴器用空気電池 (675) 6ヶ入 パワーワン,6ヶ,商品名_JA,6ヶ入,PDF p.183
PR48-P,補聴器用空気電池 (13) 6ヶ入 パワーワン,6ヶ,商品名_JA,6ヶ入,PDF p.183
PR536-P,補聴器用空気電池 (10) 6ヶ入 パワーワン,6ヶ,商品名_JA,6ヶ入,PDF p.183
R074807,販売用セルピタ ロック,2ペア,PDF抽出メモ,1袋2ペア入,PDF p.165
SR626W,時計電池 #376 デジタル用,5個,PDF抽出メモ,5個入,PDF p.320
SR716SW,時計電池 #315,5個,PDF抽出メモ,5個入,PDF p.320
SR721SW,時計電池 #362,5個,PDF抽出メモ,5個入,PDF p.320
SR916SW,時計電池 #373,5個,PDF抽出メモ,5個入,PDF p.320
SR920SW,時計電池 #371,5個,PDF抽出メモ,5個入,PDF p.320
SR927SW,時計電池 #395,5個,PDF抽出メモ,5個入,PDF p.320
SR927W,時計電池 #399 デジタル用,5個,PDF抽出メモ,5個入,PDF p.320
